probe_id,timestamp_utc,raw_moisture_pct,raw_temp_c,battery_v
101,2026-06-01 00:00:00,25.099342830602247,10.986529658277773,4.093872113095156
101,2026-06-01 00:10:00,25.1181080477072,11.037577173448291,4.094962891593215
101,2026-06-01 00:20:00,25.420935622310445,11.081916650135653,4.1005384682924
101,2026-06-01 00:30:00,25.74139319565542,11.018996615557082,4.099864289477597
101,2026-06-01 00:40:00,25.5349745767245,11.10860285557804,4.101945071497029
101,2026-06-01 00:50:00,25.67950133546506,10.973424231378436,4.11430158135054
101,2026-06-01 01:00:00,26.18607736369527,10.97588146343262,4.091269970880512
101,2026-06-01 01:10:00,26.166888094189197,11.08024270803452,4.083896377902643
101,2026-06-01 01:20:00,26.06181119722465,11.12752242472531,4.076926065260458
101,2026-06-01 01:30:00,26.405540623966914,11.135291520924943,4.082249864333759
101,2026-06-01 01:40:00,26.344565103864447,11.065444989223495,4.088067802197016
101,2026-06-01 01:50:00,26.483101013953373,11.19950854981249,4.105184557753507
101,2026-06-01 02:00:00,26.76229788349477,11.177115279587403,4.080902773320543
101,2026-06-01 02:10:00,26.467450973167878,11.317390710904276,4.0871566730198685
101,2026-06-01 02:20:00,26.639752401433565,11.346964116303102,4.083594471735328
101,2026-06-01 02:30:00,27.00522032215642,11.329488107493736,4.094482540623112
101,2026-06-01 02:40:00,27.046253373624793,11.401716743871393,4.1067078393399425
101,2026-06-01 02:50:00,27.44089926903476,11.428414216349589,4.074969734544578
101,2026-06-01 03:00:00,27.323653777778887,11.535196678344857,4.074223935041174
101,2026-06-01 03:10:00,27.34787709719694,11.645986013949654,4.088399845429623
101,2026-06-01 03:20:00,28.04631096889117,11.61173246893381,4.0836170587477705
101,2026-06-01 03:30:00,27.82852904511766,11.751849205665696,4.094105124301444
101,2026-06-01 03:40:00,28.005250317444546,11.768544557040828,4.080317240089919
101,2026-06-01 03:50:00,27.822312336843872,11.826548652797204,4.069724944521364
101,2026-06-01 04:00:00,28.111261459842236,11.934639464459245,4.078064320928732
101,2026-06-01 04:10:00,28.352461338381563,11.964628654855336,4.082084715620214
101,2026-06-01 04:20:00,28.207386084345288,12.067644252563566,4.078042408818933
101,2026-06-01 04:30:00,28.617110331549828,12.1168378304425,4.073750234510609
101,2026-06-01 04:40:00,28.523218135403873,12.358772852620069,4.078184148288003
101,2026-06-01 04:50:00,28.683285314443605,12.348433271454427,4.078050264489144
101,2026-06-01 05:00:00,28.71638043903563,12.400072727231521,4.079018805687637
101,2026-06-01 05:10:00,29.2990137656004,12.53632718458366,4.070524221845734
101,2026-06-01 05:20:00,29.01435565740853,12.612684264063352,4.061205849359244
101,2026-06-01 05:30:00,28.890595271551177,12.701949180740757,4.063184074219321
101,2026-06-01 05:40:00,29.348241853495765,12.840347011240562,4.072621934212647
101,2026-06-01 05:50:00,29.017603254983808,12.946016950818937,4.051227395030267
101,2026-06-01 06:00:00,29.37796118243828,12.981897540128195,4.061923392021444
101,2026-06-01 06:10:00,29.014985025413445,13.081605618863799,4.053143178002016
101,2026-06-01 06:20:00,29.20826641231059,13.200224099684748,4.056203921547213
101,2026-06-01 06:30:00,29.57645748739607,13.203978953938732,4.067540899136513
101,2026-06-01 06:40:00,29.744103514292732,13.349842623919601,4.055507278383215
101,2026-06-01 06:50:00,29.68610172452884,13.601811341155598,4.052900560377153
101,2026-06-01 07:00:00,29.68016208686591,13.724828061207486,4.037677540678367
101,2026-06-01 07:10:00,29.690536738649264,13.740393769748986,4.057578544941014
101,2026-06-01 07:20:00,29.498480526174212,13.892999435163263,4.0554107582847285
101,2026-06-01 07:30:00,29.6895683264597,13.992025598621183,4.069428370898947
101,2026-06-01 07:40:00,29.776653004647173,14.24356867261614,4.043557948508938
101,2026-06-01 07:50:00,30.111310183471932,14.259538765738117,4.0476671413276835
101,2026-06-01 08:00:00,29.995549324043527,14.311776526703643,4.046809382080727
101,2026-06-01 08:10:00,29.59696961171585,14.385587344492933,4.05892998523383
101,2026-06-01 08:20:00,30.032939122212586,14.468715668229436,4.041042404304901
101,2026-06-01 08:30:00,29.9054275031371,14.675268115145768,4.043625482079048
101,2026-06-01 08:40:00,29.857145961566808,14.743619024662353,4.045754139111086
101,2026-06-01 08:50:00,30.120708219576734,14.826851290572074,4.040381172438059
101,2026-06-01 09:00:00,30.206166697873886,14.98224947968025,4.032890652253566
101,2026-06-01 09:10:00,30.18356652534448,15.077102479704626,4.03813579552063
101,2026-06-01 09:20:00,29.822562839532303,15.332027210755454,4.04577112028282
101,2026-06-01 09:30:00,29.91741771491436,15.408031838844476,4.023609556982688
101,2026-06-01 09:40:00,30.030134200094302,15.479521572514678,4.034044313910842
101,2026-06-01 09:50:00,30.139392413129524,15.669479818379004,4.024553316212557
101,2026-06-01 10:00:00,29.824647623191517,15.714407255390622,4.042344897843773
101,2026-06-01 10:10:00,29.855367199148663,15.781926878951449,4.014002469699261
101,2026-06-01 10:20:00,29.63908975086995,16.014898274443944,4.022485027466959
101,2026-06-01 10:30:00,29.584841721399975,16.07864059509596,4.030686271882896
101,2026-06-01 10:40:00,29.946213894339813,16.111891834800574,4.041409300617169
101,2026-06-01 10:50:00,30.010516121713334,16.26530703190096,4.0239364649066705
101,2026-06-01 11:00:00,29.676396956184274,16.34102923738876,4.017881879443045
101,2026-06-01 11:10:00,29.839049103178088,16.424479217134845,4.041085352596958
101,2026-06-01 11:20:00,29.65427053988606,16.64746751306123,4.006633550090965
101,2026-06-01 11:30:00,29.392625404430827,16.80280786630747,3.997965536721502
101,2026-06-01 11:40:00,29.529790957838582,16.74213576593094,4.023193647980812
101,2026-06-01 11:50:00,29.697192611160936,16.94339940731289,4.012612868429327
101,2026-06-01 12:00:00,29.310762270540593,16.984277596486955,4.0062609896941215
101,2026-06-01 12:10:00,29.555528020704134,17.092297885784976,4.0223967895309976
101,2026-06-01 12:20:00,28.639715741831182,17.185079668563183,4.016591139388292
101,2026-06-01 12:30:00,29.2455714953029,17.267662474462824,4.007352253135788
101,2026-06-01 12:40:00,29.01265750372951,17.40748643971804,3.999029902649022
101,2026-06-01 12:50:00,28.846107633593284,17.455666823625986,4.019397427111108
101,2026-06-01 13:00:00,28.831602131396725,17.600768433942612,4.016014772800468
101,2026-06-01 13:10:00,28.31983568743994,17.67256571316528,4.007360909575663
101,2026-06-01 13:20:00,28.574354727268897,17.7486883451696,4.025658945366509
101,2026-06-01 13:30:00,28.58757559813593,17.798469069172636,3.995331634935346
101,2026-06-01 13:40:00,28.706607035015537,17.895802834091917,3.9896171380819356
101,2026-06-01 13:50:00,28.199349847200082,18.040719076364542,3.996793216284946
101,2026-06-01 14:00:00,28.030473181578905,18.103750890742386,4.002096344012779
101,2026-06-01 14:10:00,27.978275061810365,18.10296579275769,4.003825505862136
101,2026-06-01 14:20:00,28.145544536565044,18.22726953129074,3.9978196579829213
101,2026-06-01 14:30:00,27.90953379310855,18.327592578000896,4.002592479719203
101,2026-06-01 14:40:00,27.616733686289876,18.27147664406678,3.985396438704731
101,2026-06-01 14:50:00,27.701927004087633,18.444186797407472,4.011189386179944
101,2026-06-01 15:00:00,27.49306735643239,18.443054909901583,3.994770135547861
101,2026-06-01 15:10:00,27.53965649467361,18.560928477725653,4.005604512840243
101,2026-06-01 15:20:00,27.075798418273518,18.547445387018353,3.996698715180714
101,2026-06-01 15:30:00,27.019074303313943,18.54552616451982,3.9966789011010504
101,2026-06-01 15:40:00,26.872810818644286,18.601464557367162,3.9966489489044097
101,2026-06-01 15:50:00,26.523496569520223,18.729186809177474,3.9942682688948365
101,2026-06-01 16:00:00,26.73884689972625,18.780541691305487,3.9950583180859143
101,2026-06-01 16:10:00,26.593829453556644,18.7599102028408,4.000762522981138
101,2026-06-01 16:20:00,26.403326222861107,18.8713916523759,3.9882761165694043
101,2026-06-01 16:30:00,26.214879236736923,18.787458362491588,3.9922408496408504
101,2026-06-01 16:40:00,25.837143081447966,18.895012640239518,3.9830933623146683
101,2026-06-01 16:50:00,25.893556513130353,18.862234397381954,3.99723179860461
101,2026-06-01 17:00:00,25.765779959809944,18.911327492776778,3.9749066106220985
101,2026-06-01 17:10:00,25.529795494964816,18.96407087150997,3.998519845164375
101,2026-06-01 17:20:00,25.513335157928502,18.933094343504564,3.9789487685213984
101,2026-06-01 17:30:00,25.48128005307455,18.9679214900293,3.963882504199237
101,2026-06-01 17:40:00,25.63224423185828,19.04510896536916,3.978311206562101
101,2026-06-01 17:50:00,25.144243020359028,18.97019909276465,3.969059553030819
101,2026-06-01 18:00:00,25.015065010458756,19.041678344755148,3.9831164122880307
101,2026-06-01 18:10:00,24.8029242030954,18.94085841833805,3.9670236441976954
101,2026-06-01 18:20:00,24.288472461270526,19.0178861284524,3.9679279568511467
101,2026-06-01 18:30:00,24.521615864564623,19.05413370148758,3.9523342910664145
101,2026-06-01 18:40:00,24.394058750471306,18.845747528593748,3.9655465423759546
101,2026-06-01 18:50:00,24.730280507749672,18.913385423294674,3.9446707194947312
101,2026-06-01 19:00:00,24.055427304915476,18.96262385933866,3.9519103917187386
101,2026-06-01 19:10:00,24.011246591865667,18.900814226565593,3.9741934737076146
101,2026-06-01 19:20:00,23.801924130247535,18.903395592286266,3.9732872359252553
101,2026-06-01 19:30:00,23.434072737068945,18.825208611653824,3.9685237171491723
101,2026-06-01 19:40:00,23.756447171211583,18.827029719113217,3.9534392872926056
101,2026-06-01 19:50:00,23.539594822992814,18.778959315585027,3.9614718423550532
101,2026-06-01 20:00:00,23.410109435881058,18.805956381502863,3.960752837718143
101,2026-06-01 20:10:00,22.934206320959458,18.717926875802625,3.9480451234096985
101,2026-06-01 20:20:00,23.26242482544921,18.676574984624324,3.973502660511871
101,2026-06-01 20:30:00,22.56899337718683,18.590479169477856,3.9660822075925317
101,2026-06-01 20:40:00,22.83606074116453,18.53500135125753,3.9539388501410535
101,2026-06-01 20:50:00,23.028045363492055,18.483036815380892,3.955257257461871
101,2026-06-01 21:00:00,22.2651605012218,18.466691322891613,3.9559121343439765
101,2026-06-01 21:10:00,22.225478047581124,18.365293454780137,3.9322508647728336
101,2026-06-01 21:20:00,22.23639984753256,18.337326890732204,3.9490363468244456
101,2026-06-01 21:30:00,21.995872509989184,18.360279143681005,3.9435281853622492
101,2026-06-01 21:40:00,21.669001026460815,18.230968163276014,3.9391717349358535
101,2026-06-01 21:50:00,21.877980207461693,18.09930417904104,3.945216839298518
101,2026-06-01 22:00:00,21.539606237215484,18.10121112025637,3.9648446146884484
101,2026-06-01 22:10:00,21.73734567512236,17.943706653899504,3.952116085225199
101,2026-06-01 22:20:00,21.352156419899117,17.782644610435696,3.9388357739072766
101,2026-06-01 22:30:00,21.74238669548247,17.75213498059486,3.949113298811241
101,2026-06-01 22:40:00,21.175140272105118,17.624605915634948,3.956220932556115
101,2026-06-01 22:50:00,21.169887832387662,17.61386554690545,3.9503136222119584
101,2026-06-01 23:00:00,21.302713743254717,17.543421044640695,3.9405034962746073
101,2026-06-01 23:10:00,20.802828708961748,17.535219693649744,3.9322777319909257
101,2026-06-01 23:20:00,21.006843300131514,17.374558136576066,3.9445692400966927
101,2026-06-01 23:30:00,21.138562578902267,17.252066129773805,3.9403617680073495
101,2026-06-01 23:40:00,20.474924657088206,17.207377186981304,3.9442187535459845
101,2026-06-01 23:50:00,20.75620852104456,16.956394807617553,3.9404584465551027
101,2026-06-02 00:00:00,20.69775749386945,16.978019994593005,3.9434421628840517
101,2026-06-02 00:10:00,20.732345913322312,16.902398856990313,3.9264341908078277
101,2026-06-02 00:20:00,20.262552150777353,16.685958281828327,3.9438003907723522
101,2026-06-02 00:30:00,20.18362860955329,16.711611335267953,3.9314423533555085
101,2026-06-02 00:40:00,20.493755460635583,16.564478182207054,3.9490588732274126
101,2026-06-02 00:50:00,20.39433047526253,16.41860322756833,3.9202542935128397
101,2026-06-02 01:00:00,,,2.42
101,2026-06-02 01:10:00,,,2.42
101,2026-06-02 01:20:00,,,2.42
101,2026-06-02 01:30:00,,,2.42
101,2026-06-02 01:40:00,,,2.42
101,2026-06-02 01:50:00,,,2.42
101,2026-06-02 02:00:00,,,2.42
101,2026-06-02 02:10:00,,,2.42
101,2026-06-02 02:20:00,,,2.42
101,2026-06-02 02:30:00,,,2.42
101,2026-06-02 02:40:00,,,2.42
101,2026-06-02 02:50:00,,,2.42
101,2026-06-02 03:00:00,,,2.42
101,2026-06-02 03:10:00,,,2.42
101,2026-06-02 03:20:00,,,2.42
101,2026-06-02 03:30:00,,,2.42
101,2026-06-02 03:40:00,,,2.42
101,2026-06-02 03:50:00,,,2.42
101,2026-06-02 04:00:00,,,2.42
101,2026-06-02 04:10:00,,,2.42
101,2026-06-02 04:20:00,,,2.42
101,2026-06-02 04:30:00,,,2.42
101,2026-06-02 04:40:00,,,2.42
101,2026-06-02 04:50:00,,,2.42
101,2026-06-02 05:00:00,,,2.42
101,2026-06-02 05:10:00,,,2.42
101,2026-06-02 05:20:00,,,2.42
101,2026-06-02 05:30:00,,,2.42
101,2026-06-02 05:40:00,,,2.42
101,2026-06-02 05:50:00,,,2.42
101,2026-06-02 06:00:00,,,2.42
101,2026-06-02 06:10:00,,,2.42
101,2026-06-02 06:20:00,,,2.42
101,2026-06-02 06:30:00,,,2.42
101,2026-06-02 06:40:00,,,2.42
101,2026-06-02 06:50:00,,,2.42
101,2026-06-02 07:00:00,,,2.42
101,2026-06-02 07:10:00,,,2.42
101,2026-06-02 07:20:00,,,2.42
101,2026-06-02 07:30:00,,,2.42
101,2026-06-02 07:40:00,,,2.42
101,2026-06-02 07:50:00,,,2.42
101,2026-06-02 08:00:00,,,2.42
101,2026-06-02 08:10:00,,,2.42
101,2026-06-02 08:20:00,,,2.42
101,2026-06-02 08:30:00,,,2.42
101,2026-06-02 08:40:00,,,2.42
101,2026-06-02 08:50:00,,,2.42
101,2026-06-02 09:00:00,,,2.42
101,2026-06-02 09:10:00,,,2.42
101,2026-06-02 09:20:00,,,2.42
101,2026-06-02 09:30:00,,,2.42
101,2026-06-02 09:40:00,,,2.42
101,2026-06-02 09:50:00,,,2.42
101,2026-06-02 10:00:00,,,2.42
101,2026-06-02 10:10:00,,,2.42
101,2026-06-02 10:20:00,,,2.42
101,2026-06-02 10:30:00,,,2.42
101,2026-06-02 10:40:00,,,2.42
101,2026-06-02 10:50:00,,,2.42
101,2026-06-02 11:00:00,,,2.42
101,2026-06-02 11:10:00,,,2.42
101,2026-06-02 11:20:00,,,2.42
101,2026-06-02 11:30:00,,,2.42
101,2026-06-02 11:40:00,,,2.42
101,2026-06-02 11:50:00,,,2.42
101,2026-06-02 12:00:00,,,2.42
101,2026-06-02 12:10:00,,,2.42
101,2026-06-02 12:20:00,,,2.42
101,2026-06-02 12:30:00,,,2.42
101,2026-06-02 12:40:00,,,2.42
101,2026-06-02 12:50:00,,,2.42
101,2026-06-02 13:00:00,,,2.42
101,2026-06-02 13:10:00,,,2.42
101,2026-06-02 13:20:00,,,2.42
101,2026-06-02 13:30:00,,,2.42
101,2026-06-02 13:40:00,,,2.42
101,2026-06-02 13:50:00,,,2.42
101,2026-06-02 14:00:00,,,2.42
101,2026-06-02 14:10:00,,,2.42
101,2026-06-02 14:20:00,,,2.42
101,2026-06-02 14:30:00,,,2.42
101,2026-06-02 14:40:00,,,2.42
101,2026-06-02 14:50:00,,,2.42
101,2026-06-02 15:00:00,,,2.42
101,2026-06-02 15:10:00,,,2.42
101,2026-06-02 15:20:00,,,2.42
101,2026-06-02 15:30:00,,,2.42
101,2026-06-02 15:40:00,,,2.42
101,2026-06-02 15:50:00,,,2.42
101,2026-06-02 16:00:00,,,2.42
101,2026-06-02 16:10:00,,,2.42
101,2026-06-02 16:20:00,,,2.42
101,2026-06-02 16:30:00,,,2.42
101,2026-06-02 16:40:00,,,2.42
101,2026-06-02 16:50:00,,,2.42
101,2026-06-02 17:00:00,,,2.42
101,2026-06-02 17:10:00,,,2.42
101,2026-06-02 17:20:00,,,2.42
101,2026-06-02 17:30:00,,,2.42
101,2026-06-02 17:40:00,,,2.42
101,2026-06-02 17:50:00,,,2.42
101,2026-06-02 18:00:00,,,2.42
101,2026-06-02 18:10:00,,,2.42
101,2026-06-02 18:20:00,,,2.42
101,2026-06-02 18:30:00,,,2.42
101,2026-06-02 18:40:00,,,2.42
101,2026-06-02 18:50:00,,,2.42
101,2026-06-02 19:00:00,,,2.42
101,2026-06-02 19:10:00,29.92790518568674,13.866348448875035,3.7881059137497255
101,2026-06-02 19:20:00,29.62898652440003,13.866149433908813,3.8147101853926166
101,2026-06-02 19:30:00,29.83976942847586,14.063737882757199,3.785752323331994
101,2026-06-02 19:40:00,29.23659884217462,14.176156696822707,3.7990820391071467
101,2026-06-02 19:50:00,29.70900031980423,14.245310342970015,3.787352833147138
101,2026-06-02 20:00:00,29.88821281047004,14.392008699963807,3.793094115373977
101,2026-06-02 20:10:00,29.709820329770796,14.428591426141383,3.7958630301355174
101,2026-06-02 20:20:00,30.302294131529784,14.65322605242385,3.7946288853795607
101,2026-06-02 20:30:00,29.70198890872826,14.713991232066613,3.7944744279599862
101,2026-06-02 20:40:00,29.907973634668444,14.813547082794045,3.805232240300795
101,2026-06-02 20:50:00,30.025849258475922,15.008716864156616,3.792470377817924
101,2026-06-02 21:00:00,30.28742451423405,15.037669562266379,3.784333375642453
101,2026-06-02 21:10:00,29.707216693588055,15.119022069958712,3.7952557208708186
101,2026-06-02 21:20:00,30.217995759426735,15.228011029973777,3.796349461269757
101,2026-06-02 21:30:00,29.974145796611513,15.452280364699014,3.771018585421716
101,2026-06-02 21:40:00,29.75830719450309,15.473737082303282,3.78810857146416
101,2026-06-02 21:50:00,30.025327792014853,15.74081983074643,3.787986205381346
101,2026-06-02 22:00:00,29.946824088082476,15.66375008506131,3.776838750117212
101,2026-06-02 22:10:00,29.756902716188993,15.966783114817941,3.7924113604765033
101,2026-06-02 22:20:00,29.85669489917975,16.005875217710376,3.7759936436656374
101,2026-06-02 22:30:00,29.727343682184046,16.103006680823402,3.777589871263254
101,2026-06-02 22:40:00,29.78469789882595,16.192172674557163,3.773443295678275
101,2026-06-02 22:50:00,29.847960753206195,16.349915184277304,3.7741697115895034
101,2026-06-02 23:00:00,29.982269822613176,16.437485888142124,3.7618910774373124
101,2026-06-02 23:10:00,29.36306975272243,16.60271845593315,3.757293226672897
101,2026-06-02 23:20:00,29.97888674276111,16.660135015540707,3.786478693323665
101,2026-06-02 23:30:00,29.099640147142534,16.76740268219041,3.7609039364008074
101,2026-06-02 23:40:00,29.39366164202603,16.845674986685275,3.758299533582003
101,2026-06-02 23:50:00,29.47188250627715,16.963391985501524,3.7455194631331046
101,2026-06-03 00:00:00,29.336916624208907,17.082341661512555,3.759503653984822
101,2026-06-03 00:10:00,29.07903879203543,17.080398488289294,3.751502280720217
101,2026-06-03 00:20:00,29.081241521882763,17.19561188510896,3.7799932374482315
101,2026-06-03 00:30:00,28.94004849985755,17.395374972588993,3.7725111639328692
101,2026-06-03 00:40:00,28.83312547636262,17.45994109994237,3.7543713967802415
101,2026-06-03 00:50:00,29.029910119623423,17.53330095886358,3.782617165478037
101,2026-06-03 01:00:00,28.837102961564216,17.63236291776078,3.768750369487085
101,2026-06-03 01:10:00,28.529627150375504,17.735524596954324,3.7545243079746586
101,2026-06-03 01:20:00,28.747520160607692,17.77555131212526,3.7316184718535843
101,2026-06-03 01:30:00,28.525418637429443,17.845635600924478,3.7783618619208026
101,2026-06-03 01:40:00,28.51994523477247,17.973902685305468,3.740396618719835
101,2026-06-03 01:50:00,28.373858788424013,17.992231785267418,3.7366782631104773
101,2026-06-03 02:00:00,27.9699333853151,18.136017993435157,3.7621978620927186
101,2026-06-03 02:10:00,27.908830079286567,18.10228274789253,3.7752095890285897
101,2026-06-03 02:20:00,28.05289108021223,18.307966885615016,3.7634947003428776
101,2026-06-03 02:30:00,27.905604478571668,18.346468022008033,3.7541309705508716
101,2026-06-03 02:40:00,27.65708208770549,18.399144165536846,3.753279329959576
101,2026-06-03 02:50:00,27.560197710413824,18.496103264969975,3.754705849323302
101,2026-06-03 03:00:00,27.665578740827623,18.587938446995008,3.7526008868259417
101,2026-06-03 03:10:00,27.162996399828362,18.61010016571206,3.7466634223603434
101,2026-06-03 03:20:00,27.260055886488722,18.519029306217398,3.7437334263527435
101,2026-06-03 03:30:00,26.977695506251237,18.595716003183778,3.7409053912268053
101,2026-06-03 03:40:00,26.840379947436155,18.67396490475278,3.732831583809709
101,2026-06-03 03:50:00,26.967852323924987,18.748871830930415,3.7364043861222833
101,2026-06-03 04:00:00,26.77587505334215,18.812626128378085,3.721121475941573
101,2026-06-03 04:10:00,26.634819318891548,18.786413039081896,3.7359075550081546
101,2026-06-03 04:20:00,26.59328741683802,18.86474620921347,3.7258449473971686
101,2026-06-03 04:30:00,26.195334284137964,18.847069152000035,3.723534872489095
101,2026-06-03 04:40:00,26.18545347086005,18.880390605718144,3.7352096143653633
101,2026-06-03 04:50:00,25.844047150809605,18.86343719813722,3.74617060290985
101,2026-06-03 05:00:00,25.82720118524508,18.90706852376265,3.740273653299002
101,2026-06-03 05:10:00,25.591958680643366,18.901745523319295,3.714225388395323
101,2026-06-03 05:20:00,25.492480553344077,18.933261607805818,3.7188740202584265
101,2026-06-03 05:30:00,25.446804700757056,19.044078009387025,3.7370179206965877
101,2026-06-03 05:40:00,25.01854247710467,18.94987381662933,3.7166252420738974
101,2026-06-03 05:50:00,25.45492252282289,19.13151284239376,3.723043691701886
101,2026-06-03 06:00:00,24.689469065907396,19.02370958128485,3.7296304513846774
101,2026-06-03 06:10:00,24.502155225826282,19.00403613109318,3.7132863930383704
101,2026-06-03 06:20:00,24.83115229298837,18.94423137823173,3.722863499841042
101,2026-06-03 06:30:00,24.612740238530886,19.01113050573921,3.707309397022976
101,2026-06-03 06:40:00,24.4345730146013,18.93291904663226,3.713475882725221
101,2026-06-03 06:50:00,24.29134623873756,18.950019788899155,3.721527285698734
101,2026-06-03 07:00:00,24.0198650677472,19.050789434283516,3.7012394362145673
101,2026-06-03 07:10:00,23.700331895844784,18.893513635185652,3.7204140281220632
101,2026-06-03 07:20:00,23.753364248226795,18.92799803191932,3.714652809945768
101,2026-06-03 07:30:00,23.46226412616496,18.804303208180738,3.7192139946717817
101,2026-06-03 07:40:00,23.65340554756289,18.80337660957117,3.7147681436608324
101,2026-06-03 07:50:00,23.290965679386236,18.85609559800119,3.7250103138124993
101,2026-06-03 08:00:00,23.018701001494854,18.695434208955017,3.7114610617318156
101,2026-06-03 08:10:00,22.984490382398693,18.773464107161164,3.7047546684866592
101,2026-06-03 08:20:00,22.99797955822163,18.67115786632582,3.70911160612081
101,2026-06-03 08:30:00,22.671046052390224,18.55748500605077,3.7121615185734265
101,2026-06-03 08:40:00,22.48962842431968,18.56401893124877,3.7060570461788953
101,2026-06-03 08:50:00,22.5750855957356,18.52481382033021,3.7048142695802526
101,2026-06-03 09:00:00,22.449719796756778,18.44810928589933,3.6962283429827214
101,2026-06-03 09:10:00,22.17592563788249,18.276435672128326,3.695459157877855
101,2026-06-03 09:20:00,22.062008767699716,18.25366636304106,3.686902021527943
101,2026-06-03 09:30:00,22.083945874446897,18.209926984241704,3.7172637488703844
101,2026-06-03 09:40:00,21.631756661173267,18.14812188354262,3.6861692562771777
101,2026-06-03 09:50:00,21.526335342967144,18.109738636238703,3.6905187438457068
101,2026-06-03 10:00:00,21.553307264894702,18.01183456511992,3.68910363036055
101,2026-06-03 10:10:00,21.546282343590395,17.857874182684828,3.704076853978261
101,2026-06-03 10:20:00,21.54602842928602,17.862857144825014,3.691018020618472
101,2026-06-03 10:30:00,21.67678213855351,17.79116503477711,3.7052848453207052
101,2026-06-03 10:40:00,21.454182454280286,17.70306714103429,3.684912425544104
101,2026-06-03 10:50:00,21.154762317917687,17.64128462893135,3.6932771806013562
101,2026-06-03 11:00:00,21.090287654733004,17.538910437173985,3.6809736756390965
101,2026-06-03 11:10:00,20.804246036990566,17.42801936228222,3.7096185446420034
101,2026-06-03 11:20:00,20.915106378373665,17.307353727373883,3.675130976366549
101,2026-06-03 11:30:00,20.778603509566846,17.13165131809933,3.6889450748516905
101,2026-06-03 11:40:00,20.821944422526286,17.13813506592984,3.6910245437513165
101,2026-06-03 11:50:00,20.51662633292695,17.027194109301202,3.6876646731090856
101,2026-06-03 12:00:00,20.714284004980488,16.928829887338125,3.680513712738369
101,2026-06-03 12:10:00,20.849035945863616,16.74822671583088,3.6799082895223876
101,2026-06-03 12:20:00,20.456598614956782,16.653284207263557,3.680484518432088
101,2026-06-03 12:30:00,20.498399009543252,16.653816278351293,3.6774162908885875
101,2026-06-03 12:40:00,20.49968627474254,16.491641445990233,3.687365009265397
101,2026-06-03 12:50:00,20.228956925122493,16.41888518492663,3.6986713553059367
101,2026-06-03 13:00:00,20.305550380362913,16.276239884611666,3.66983111463252
101,2026-06-03 13:10:00,20.218809750295385,16.16524194949168,3.660547909879383
101,2026-06-03 13:20:00,20.19545217349366,16.09860928321053,3.672203026384237
101,2026-06-03 13:30:00,19.985041297557753,15.91293983416959,3.697722847436868
101,2026-06-03 13:40:00,20.112403040370364,15.829797127864913,3.662728915573203
101,2026-06-03 13:50:00,20.179117187488515,15.687425075572992,3.6859967364999164
101,2026-06-03 14:00:00,20.345945333853955,15.57375780006289,3.6852224837788152
101,2026-06-03 14:10:00,20.22797265140345,15.46446159840708,3.6617495004135465
101,2026-06-03 14:20:00,20.45137630141771,15.375056539578688,3.671815120815055
101,2026-06-03 14:30:00,19.856124143245562,15.223732697918653,3.6812491634470628
101,2026-06-03 14:40:00,20.177153625822896,15.19396768616402,3.660013826998478
101,2026-06-03 14:50:00,20.036701607772976,14.969847758781404,3.6606092079999044
101,2026-06-03 15:00:00,20.439587624834974,14.888620393843887,3.6556681096540173
101,2026-06-03 15:10:00,19.84580998130097,14.75945000901286,3.6501772586791503
101,2026-06-03 15:20:00,19.849611672343475,14.737443827570099,3.6526719577279945
101,2026-06-03 15:30:00,19.911999142577567,14.558865723067893,3.6457652377036074
101,2026-06-03 15:40:00,19.625643212349644,14.484956593496388,3.6571853822463978
101,2026-06-03 15:50:00,19.968023329534013,14.243894387625831,3.647984722445794
101,2026-06-03 16:00:00,19.94828772946111,14.216912533459853,3.6568622210668633
101,2026-06-03 16:10:00,20.161297998456114,14.13410617197455,3.6378053126794954
101,2026-06-03 16:20:00,20.23481402701679,13.980577290357779,3.655512978656251
101,2026-06-03 16:30:00,20.581049243595483,13.91744560576374,3.6593793731427713
101,2026-06-03 16:40:00,20.439327289870086,13.726981149221787,3.6299466342935434
101,2026-06-03 16:50:00,20.181327525523965,13.713047047541705,3.652464463610309
101,2026-06-03 17:00:00,20.168488997439482,13.648412533964335,3.659840495029141
101,2026-06-03 17:10:00,20.501973636007648,13.40746024900755,3.634307302110072
101,2026-06-03 17:20:00,20.198868118373625,13.296799886105472,3.6619693433579363
101,2026-06-03 17:30:00,20.892388131080594,13.286645908398217,3.648273716775795
101,2026-06-03 17:40:00,20.828968973954858,13.189375138182566,3.635873315317126
101,2026-06-03 17:50:00,20.569976406141723,12.98227959615106,3.6412056502907086
101,2026-06-03 18:00:00,20.395601109203813,12.887132224461777,3.646186517385078
101,2026-06-03 18:10:00,21.087041603757953,12.795549445795368,3.64020320936656
101,2026-06-03 18:20:00,20.87495457360711,12.645775135165708,3.6436706225694753
101,2026-06-03 18:30:00,21.230508160038575,12.572368069223684,3.6279162339067934
101,2026-06-03 18:40:00,20.75255633954251,12.475421150709348,3.637656485270523
101,2026-06-03 18:50:00,21.04340323392774,12.396669124375942,3.620665639253688
101,2026-06-03 19:00:00,21.259424675541375,12.344935849486502,3.6325304308018267
101,2026-06-03 19:10:00,21.366050245365315,12.272247332601074,3.6234435221932406
101,2026-06-03 19:20:00,21.368016177823456,12.254256749712649,3.6239672063745663
101,2026-06-03 19:30:00,21.686985186639752,12.045409015793986,3.642523344745144
101,2026-06-03 19:40:00,21.45619909368389,12.065606890900133,3.6399154213915574
101,2026-06-03 19:50:00,21.751386098248464,11.9292915402457,3.633933608587262
101,2026-06-03 20:00:00,21.916797152255818,11.8637191089277,3.61575900692404
101,2026-06-03 20:10:00,22.11114309030479,11.828798412567782,3.6223579572663933
101,2026-06-03 20:20:00,22.26863867040281,11.670510778811687,3.636492925955708
101,2026-06-03 20:30:00,22.021890366525565,11.680139258559791,3.624619025284891
101,2026-06-03 20:40:00,22.06283932838888,11.606551508335244,3.6452350587408846
101,2026-06-03 20:50:00,22.750276771496573,11.562953196408925,3.624814848927586
101,2026-06-03 21:00:00,22.688412999880217,11.495833324639428,3.6216420688911186
101,2026-06-03 21:10:00,22.601483094997008,11.550175096733774,3.615470320276769
101,2026-06-03 21:20:00,23.192552567099884,11.34459509759754,3.618736801159192
101,2026-06-03 21:30:00,23.0383989589224,11.302084356248168,3.614716600940139
101,2026-06-03 21:40:00,23.385752414713327,11.252750057141537,3.622162293263406
101,2026-06-03 21:50:00,23.299598267100457,11.214564898654633,3.6234881368570413
101,2026-06-03 22:00:00,23.835902620308968,11.172095195422804,3.604901126276591
101,2026-06-03 22:10:00,23.9138195260617,11.228267920780866,3.598288598538668
101,2026-06-03 22:20:00,23.65317855505446,11.20795147072914,3.5920787815357884
101,2026-06-03 22:30:00,24.038608115779233,11.07978183759087,3.6143606557285226
101,2026-06-03 22:40:00,24.115674041558414,11.041402314324142,3.5970869835902333
101,2026-06-03 22:50:00,24.403491510912673,11.084621363219696,3.585431650915023
101,2026-06-03 23:00:00,24.080686581029084,11.014818152075133,3.609686250082433
101,2026-06-03 23:10:00,24.555405040330513,11.058818669187252,3.6295703664040264
101,2026-06-03 23:20:00,24.774897672996104,11.025438027578659,3.603419569306875
101,2026-06-03 23:30:00,24.356854188025068,10.93101159178099,3.610705093359366
101,2026-06-03 23:40:00,24.617587389525408,11.079075320724996,3.6019783863929002
101,2026-06-03 23:50:00,24.592153564447976,11.089793883654776,3.5990111034680887
102,2026-06-01 00:00:00,25.183815296597555,11.018364365670067,4.088885420430629
102,2026-06-01 00:10:00,25.087705999103708,11.09360924449825,4.101304954976896
102,2026-06-01 00:20:00,25.344876377504686,10.99562549841226,4.102662031870119
102,2026-06-01 00:30:00,25.501126785613014,10.997826036730183,4.107921211962939
102,2026-06-01 00:40:00,25.44818716094056,11.026201098005089,4.111165035635985
102,2026-06-01 00:50:00,25.924737196762198,11.027270315147467,4.084048594044598
102,2026-06-01 01:00:00,25.83524284925471,11.10104768049748,4.084930868043348
102,2026-06-01 01:10:00,25.862252116460045,11.002204562557523,4.0793035717588815
102,2026-06-01 01:20:00,26.26300804312572,11.055635031321026,4.088379058949533
102,2026-06-01 01:30:00,26.117335018891517,11.08353611225069,4.094222748477642
102,2026-06-01 01:40:00,26.442884873900766,11.216332473824167,4.098272417091645
102,2026-06-01 01:50:00,26.574423165338587,11.289495220417225,4.086479468881904
102,2026-06-01 02:00:00,26.931084542347882,11.237116293685771,4.082880411078356
102,2026-06-01 02:10:00,26.945046668675428,11.275465997303273,4.086436373425967
102,2026-06-01 02:20:00,26.97973057618714,11.332136812153918,4.075407271679755
102,2026-06-01 02:30:00,27.28123108784467,11.434576011940514,4.103493995105579
102,2026-06-01 02:40:00,27.52686110749514,11.381042433028698,4.065361904810026
102,2026-06-01 02:50:00,27.489611863786077,11.493293341580776,4.082125828062738
102,2026-06-01 03:00:00,27.507329116851807,11.587090514697637,4.099354391658653
102,2026-06-01 03:10:00,27.367970590993966,11.623283606421584,4.078026235104532
102,2026-06-01 03:20:00,27.540158482491787,11.670497852080524,4.074897753501493
102,2026-06-01 03:30:00,27.812639364344033,11.776699184518161,4.072063596815979
102,2026-06-01 03:40:00,27.869842236075105,11.659895823309489,4.0726740414190346
102,2026-06-01 03:50:00,28.069867713489472,11.900086060386867,4.087046350175999
102,2026-06-01 04:00:00,28.231467989726696,11.907287198300601,4.050039153508514
102,2026-06-01 04:10:00,28.436215371310936,11.924859126133482,4.086332016827348
102,2026-06-01 04:20:00,28.42348504421793,12.120886847807174,4.055598015482459
102,2026-06-01 04:30:00,28.63927105664593,12.245414652330092,4.066010970907191
102,2026-06-01 04:40:00,28.656240756349657,12.253664170242866,4.063224957189124
102,2026-06-01 04:50:00,28.346530751131485,12.394313821215986,4.072242841282394
102,2026-06-01 05:00:00,28.648854682717754,12.515672915530581,4.049215972258425
102,2026-06-01 05:10:00,28.89974061755429,12.591373911726151,4.068658849630657
102,2026-06-01 05:20:00,28.775116153787895,12.700298893016463,4.083120126395281
102,2026-06-01 05:30:00,29.2221232033416,12.750104035271013,4.04808519730906
102,2026-06-01 05:40:00,29.489883037543866,12.813410358183472,4.062453906223667
102,2026-06-01 05:50:00,29.505524355317476,12.828043274721713,4.052776929962173
102,2026-06-01 06:00:00,29.29349988925129,12.996119473102224,4.062495530994645
102,2026-06-01 06:10:00,29.70506427755939,13.068234201130224,4.057268043899447
102,2026-06-01 06:20:00,29.503637113530697,13.322523820417222,4.049501604227421
102,2026-06-01 06:30:00,29.469668045998638,13.310280721553893,4.059635103359151
102,2026-06-01 06:40:00,29.473729665585463,13.431762417368752,4.071639768800884
102,2026-06-01 06:50:00,29.59133413099322,13.561041896585396,4.050527156978318
102,2026-06-01 07:00:00,29.62565637963531,13.644759797851044,4.058473681509649
102,2026-06-01 07:10:00,29.784840722242222,13.837598123748343,4.037183279702031
102,2026-06-01 07:20:00,29.826299720457673,13.833039118923752,4.039391552705138
102,2026-06-01 07:30:00,29.834146372169325,13.986193463655868,4.0525198864446965
102,2026-06-01 07:40:00,29.9561683927884,14.052501102908476,4.061476891143828
102,2026-06-01 07:50:00,30.13801499318542,14.137558894605354,4.049031771538901
102,2026-06-01 08:00:00,30.1167364932181,14.287583951732417,4.041184964938387
102,2026-06-01 08:10:00,29.652598049098415,14.431512526670533,4.043148366490429
102,2026-06-01 08:20:00,999.0,14.527572873016451,4.029491282289073
102,2026-06-01 08:30:00,30.16930794146822,14.630473884358715,4.046880420084898
102,2026-06-01 08:40:00,29.719154621944917,14.711120688742977,4.048498504637155
102,2026-06-01 08:50:00,29.953419881430023,14.893808697420523,4.033994177878165
102,2026-06-01 09:00:00,29.765944188162823,14.939342105190827,4.032654566921477
102,2026-06-01 09:10:00,29.636914414005236,15.169182678069827,4.038853677888167
102,2026-06-01 09:20:00,30.098698889817786,15.25179211664855,4.030667605423817
102,2026-06-01 09:30:00,30.13109122214513,15.291072276023757,4.03321338383054
102,2026-06-01 09:40:00,29.848579433668245,15.464459750728016,4.053711835061038
102,2026-06-01 09:50:00,29.42607492927607,15.557874791154974,4.029084267354488
102,2026-06-01 10:00:00,29.811233581110077,15.726497565529199,4.026811030034311
102,2026-06-01 10:10:00,29.970859795561935,15.892013611319019,4.022758920690748
102,2026-06-01 10:20:00,29.564574431916327,15.844983447098173,4.035516165654674
102,2026-06-01 10:30:00,29.86075503017194,16.057446396869096,4.0251019114000695
102,2026-06-01 10:40:00,29.78064676002637,16.155747502738564,4.019260329941612
102,2026-06-01 10:50:00,29.855126415919386,16.308390969627663,4.037807007840131
102,2026-06-01 11:00:00,29.71471505418317,16.395469981469883,4.0376299047551125
102,2026-06-01 11:10:00,29.44372873542337,16.456020737096118,4.016269546245165
102,2026-06-01 11:20:00,29.82125763520943,16.585205938901318,4.002448289581521
102,2026-06-01 11:30:00,29.48994344074646,16.667535741443793,4.0300287331860725
102,2026-06-01 11:40:00,29.45205092883491,16.865864501551826,4.011947205222678
102,2026-06-01 11:50:00,29.202931706053104,16.916316527911956,4.025539666664482
102,2026-06-01 12:00:00,29.22927102812428,17.111869259230694,3.9967722796883103
102,2026-06-01 12:10:00,29.065638746735953,17.11362111428248,4.0242391984409975
102,2026-06-01 12:20:00,29.129075550664446,17.1792790264296,4.002041412957772
102,2026-06-01 12:30:00,29.423532690456327,17.235176293316172,4.02030068063382
102,2026-06-01 12:40:00,28.720867861495606,17.314903374508,4.011975677314095
102,2026-06-01 12:50:00,28.58319682411111,17.418007532296265,4.00113345963434
102,2026-06-01 13:00:00,29.107484041588346,17.600601925204195,4.005442397891614
102,2026-06-01 13:10:00,28.675484734929746,17.700513869799234,4.015215852783023
102,2026-06-01 13:20:00,28.484474557104416,17.681576212411315,4.008251519937184
102,2026-06-01 13:30:00,28.7241340213128,17.888599167978523,4.0118766124033325
102,2026-06-01 13:40:00,28.28990511811986,17.900488348036163,4.024636795636338
102,2026-06-01 13:50:00,28.668205833564198,18.010289165672532,3.988069880866648
102,2026-06-01 14:00:00,28.327757076425396,18.15931606277394,4.0187243299260205
102,2026-06-01 14:10:00,27.98104418889813,18.196685520790897,4.002435670744141
102,2026-06-01 14:20:00,28.39392575567773,18.208876383623988,3.991244178078253
102,2026-06-01 14:30:00,27.72264058657595,18.245463610561544,3.98576878949667
102,2026-06-01 14:40:00,27.871104801445146,18.247356138056382,3.996020629038865
102,2026-06-01 14:50:00,27.65913203354626,18.381061121826352,4.005968241258455
102,2026-06-01 15:00:00,27.734000104442543,18.46562958590749,3.9943161561280114
102,2026-06-01 15:10:00,27.658229735912403,18.483039567938434,4.009543103826835
102,2026-06-01 15:20:00,27.22260986686214,18.579045496490863,3.9787597048164214
102,2026-06-01 15:30:00,26.93392315856426,18.639612863700982,3.991990479431052
102,2026-06-01 15:40:00,27.04322687785854,18.671598880170915,3.9784273416579565
102,2026-06-01 15:50:00,26.680656485196224,18.694282432803234,3.993427502120913
102,2026-06-01 16:00:00,27.082300293818662,18.77598829981775,3.997499964388212
102,2026-06-01 16:10:00,26.568925465337212,18.82722306657449,3.9832633797430033
102,2026-06-01 16:20:00,26.329239221270193,18.784942075564892,3.9602687663061182
102,2026-06-01 16:30:00,26.298732724584934,18.94108098459235,3.98714029353293
102,2026-06-01 16:40:00,25.85079197195211,18.89338722355767,3.9883581047748757
102,2026-06-01 16:50:00,25.783362769981295,18.923727688517317,3.9868735739997327
102,2026-06-01 17:00:00,26.074405644704182,18.979330019329716,3.994028355560913
102,2026-06-01 17:10:00,25.558872093014863,18.973361744507326,3.9697999040387764
102,2026-06-01 17:20:00,25.336210103725314,19.023771843464424,3.986152509082346
102,2026-06-01 17:30:00,25.507800432217095,19.001505475500885,3.9901153303451973
102,2026-06-01 17:40:00,25.492147882548775,18.964172456176414,3.9592442865729276
102,2026-06-01 17:50:00,25.253118119925674,19.01711886250111,3.9790665878647578
102,2026-06-01 18:00:00,25.162764469475366,18.942707428785855,3.969668178488067
102,2026-06-01 18:10:00,24.66645436853474,19.002771746359755,3.9727346572597027
102,2026-06-01 18:20:00,24.387864570981964,18.989734420024412,3.975866556018678
102,2026-06-01 18:30:00,24.827185370045566,18.971649427591057,3.9663574127347343
102,2026-06-01 18:40:00,24.31747674071467,18.962902878028164,3.9633125247768293
102,2026-06-01 18:50:00,24.187465481961603,18.859137733793315,3.969251036935901
102,2026-06-01 19:00:00,24.359538326241513,18.906334007592584,3.956876960564968
102,2026-06-01 19:10:00,24.062183125279077,18.9156087409248,3.9557310758573196
102,2026-06-01 19:20:00,23.900044038604907,18.892831118217572,3.972222967168312
102,2026-06-01 19:30:00,24.10080881357307,18.804024113943317,3.952781201179736
102,2026-06-01 19:40:00,23.39917896223255,18.885985621782805,3.9697721737329896
102,2026-06-01 19:50:00,23.574776242071707,18.743434434943904,3.9665748688450124
102,2026-06-01 20:00:00,23.263305671451867,18.79604013844621,3.9435307958211427
102,2026-06-01 20:10:00,23.169802267691054,18.72656555173115,3.9528531237782674
102,2026-06-01 20:20:00,23.287559648544494,18.62738348602837,3.970409771524673
102,2026-06-01 20:30:00,22.95093074100321,18.699838562414456,3.947496929375378
102,2026-06-01 20:40:00,22.826348538214404,18.49969982087333,3.9515044492562565
102,2026-06-01 20:50:00,22.80445570579202,18.550622433452375,3.9596090080044446
102,2026-06-01 21:00:00,22.39027722033936,18.496997831674847,3.9616622113573268
102,2026-06-01 21:10:00,22.170895660033878,18.35281166836732,3.9501528245966315
102,2026-06-01 21:20:00,22.007507735710824,18.392461412890597,3.945533018702735
102,2026-06-01 21:30:00,21.703296322937224,18.244006778018786,3.964571726459212
102,2026-06-01 21:40:00,22.390375138662105,18.20184660956842,3.9665769316727784
102,2026-06-01 21:50:00,21.643625939356152,18.128621447587992,3.957816422735196
102,2026-06-01 22:00:00,21.70781625524355,18.034434987074643,3.9477209308456036
102,2026-06-01 22:10:00,21.58726452901754,18.004650836208572,3.9376249993961197
102,2026-06-01 22:20:00,21.5975226063077,17.9242252732222,3.936243119739539
102,2026-06-01 22:30:00,21.595547256986823,17.71511269747882,3.948612612050337
102,2026-06-01 22:40:00,21.503885628244312,17.78336252383015,3.946411360399142
102,2026-06-01 22:50:00,21.11768464791501,17.54831662170573,3.955083271312295
102,2026-06-01 23:00:00,21.1065859570235,17.5941274358983,3.946411693500767
102,2026-06-01 23:10:00,21.105517562346197,17.50773308487736,3.923716296750383
102,2026-06-01 23:20:00,20.91161308797398,17.303663446377097,3.948106483137786
102,2026-06-01 23:30:00,21.19860314324978,17.242480441816518,3.9264463078799876
102,2026-06-01 23:40:00,20.8946162943281,17.110621674497832,3.931427108626184
102,2026-06-01 23:50:00,20.86625730654806,17.056205521553508,3.9366087306008
102,2026-06-02 00:00:00,20.778357188753247,16.95083755247829,3.952903310628698
102,2026-06-02 00:10:00,20.810676110463916,16.902838623909435,3.9628857284834873
102,2026-06-02 00:20:00,20.546146604693714,16.8254030314233,3.936693680707371
102,2026-06-02 00:30:00,20.188353542578977,16.724207823647106,3.927634391121381
102,2026-06-02 00:40:00,20.469304737862732,16.519444960503417,3.933651320985965
102,2026-06-02 00:50:00,20.204662161857527,16.428906529576143,3.9360227259524736
102,2026-06-02 01:00:00,20.178742045348063,16.245786468948648,3.9227794026307388
102,2026-06-02 01:10:00,20.35527837397532,16.179125125572806,3.9427780996380095
102,2026-06-02 01:20:00,20.443250212730327,16.15608491807179,3.9259666008633753
102,2026-06-02 01:30:00,20.161519833165464,16.076103485527657,3.927483231354951
102,2026-06-02 01:40:00,20.18482051089904,15.820242852809441,3.928004950177157
102,2026-06-02 01:50:00,20.433430839959268,15.738223342497855,3.924401480955332
102,2026-06-02 02:00:00,20.115243538735513,15.651759833799268,3.9274149270464593
102,2026-06-02 02:10:00,20.5657276981234,15.551766607869078,3.9116928973688694
102,2026-06-02 02:20:00,20.141002744718712,15.38149969113565,3.911122318887454
102,2026-06-02 02:30:00,19.66248443917309,15.32704554087318,3.9045437012897724
102,2026-06-02 02:40:00,20.156279200396963,15.165753167423343,3.9187801631182673
102,2026-06-02 02:50:00,20.077061820555727,15.072164133249604,3.9210144230397614
102,2026-06-02 03:00:00,20.258249407797845,14.983580615264955,3.9166426938587344
102,2026-06-02 03:10:00,20.138653738246152,14.840004347310542,3.927649796723266
102,2026-06-02 03:20:00,19.984291618882857,14.701417044362437,3.909688819394076
102,2026-06-02 03:30:00,19.77932848199867,14.601544211267216,3.915272103330867
102,2026-06-02 03:40:00,19.998818382379028,14.486728957000382,3.896507585206124
102,2026-06-02 03:50:00,19.891169468409466,14.357201497357595,3.9023935041353486
102,2026-06-02 04:00:00,19.970017461967966,14.247847861802361,3.912059785928326
102,2026-06-02 04:10:00,20.23286337069569,14.226433992449524,3.912435336652675
102,2026-06-02 04:20:00,20.482306401182054,14.060987074807048,3.899844553261177
102,2026-06-02 04:30:00,20.26456168724895,13.905428584387348,3.9009081374118137
102,2026-06-02 04:40:00,19.987845012592093,13.843229678932358,3.8852852996561613
102,2026-06-02 04:50:00,20.361393578737523,13.680883254113015,3.895733652307479
102,2026-06-02 05:00:00,20.561269303810995,13.646529831781422,3.9070476831433183
102,2026-06-02 05:10:00,20.25343287733279,13.49785543108208,3.9027358088617614
102,2026-06-02 05:20:00,20.405963535798374,13.366800514638262,3.9008303231070833
102,2026-06-02 05:30:00,20.49696440561206,13.28872747708771,3.8951613099576563
102,2026-06-02 05:40:00,20.402137115494153,13.083447494346869,3.8935741118647043
102,2026-06-02 05:50:00,20.757637761750992,13.002864962796666,3.885740176076263
102,2026-06-02 06:00:00,20.67637329030857,12.89836885624116,3.898171578865598
102,2026-06-02 06:10:00,20.8607053057761,12.865809738208025,3.8942329313000426
102,2026-06-02 06:20:00,20.67912612749091,12.847706012102021,3.8937832975286515
102,2026-06-02 06:30:00,20.852480643830145,12.776966097777263,3.8824426678146233
102,2026-06-02 06:40:00,21.17124746298315,12.603608953759268,3.8650094942351623
102,2026-06-02 06:50:00,21.04238081351434,12.505118053863479,3.896354357743987
102,2026-06-02 07:00:00,21.555817179137193,12.30053438680945,3.8794343632589414
102,2026-06-02 07:10:00,21.227195390912822,12.276183106890247,3.87443488737117
102,2026-06-02 07:20:00,21.451896850099708,12.178949395152426,3.8888373413233164
102,2026-06-02 07:30:00,21.696369541292533,12.104682485276529,3.87682233299756
102,2026-06-02 07:40:00,21.332036430484784,12.047138677436992,3.890181730429793
102,2026-06-02 07:50:00,21.37228276633119,11.954265217973482,3.8845923332776695
102,2026-06-02 08:00:00,21.530832538964983,11.80379753720576,3.884097874206483
102,2026-06-02 08:10:00,22.202689422447335,11.867683567184951,3.8624425310550476
102,2026-06-02 08:20:00,21.95660221825378,11.706870781035365,3.887061435213493
102,2026-06-02 08:30:00,22.697908111422443,11.70544381998007,3.876394407864543
102,2026-06-02 08:40:00,22.19510489873606,11.732969795743129,3.8689290383523174
102,2026-06-02 08:50:00,22.4688391636777,11.52194584457634,3.8728956016107774
102,2026-06-02 09:00:00,22.866508316442708,11.382967486197895,3.8525392718009472
102,2026-06-02 09:10:00,23.087538027136155,11.439715485702559,3.873228059437312
102,2026-06-02 09:20:00,23.228819987046922,11.4566117072126,3.8576877234332603
102,2026-06-02 09:30:00,23.190248364895947,11.450087906811023,3.8532946428492214
102,2026-06-02 09:40:00,23.287187244364492,11.244400628696633,3.8504376610380526
102,2026-06-02 09:50:00,23.33630978909913,11.287560759548116,3.8756280438427066
102,2026-06-02 10:00:00,23.510421194862193,11.199484761934407,3.8570484333484547
102,2026-06-02 10:10:00,23.38285492999967,11.180688130264404,3.8775182515771234
102,2026-06-02 10:20:00,23.469076307658533,11.284680006497066,3.8556628670400106
102,2026-06-02 10:30:00,23.772827436735422,11.047062137172688,3.8427872092871795
102,2026-06-02 10:40:00,23.88129420780701,11.107941689668282,3.847535451656198
102,2026-06-02 10:50:00,23.967436327975648,11.095002570110314,3.869898719448329
102,2026-06-02 11:00:00,24.340910891782052,11.10560967661757,3.854821528661468
102,2026-06-02 11:10:00,24.536924544276335,11.039278464346875,3.8497375446685047
102,2026-06-02 11:20:00,24.508331015954408,11.036211677814876,3.8556605070845142
102,2026-06-02 11:30:00,24.931374754296222,10.991038999542571,3.857918059380237
102,2026-06-02 11:40:00,24.553059537264048,11.017281144831026,3.8629141273701615
102,2026-06-02 11:50:00,24.88837990911437,10.983265423971888,3.8650650387026415
102,2026-06-02 12:00:00,24.92952373490913,11.031503632239561,3.8458222671383964
102,2026-06-02 12:10:00,24.845295316494635,10.985344280966588,3.8349993839280425
102,2026-06-02 12:20:00,25.34759512474629,11.02947644760877,3.842965116370206
102,2026-06-02 12:30:00,25.485000859627302,11.019346010155422,3.8485424802398427
102,2026-06-02 12:40:00,25.956826446086193,11.090681819211937,3.8351419931044832
102,2026-06-02 12:50:00,25.92452893462024,11.04875067419118,3.8340479804102143
102,2026-06-02 13:00:00,25.737080697293052,10.982966288111696,3.845897275567239
102,2026-06-02 13:10:00,26.45548738095484,11.158350781629254,3.8408127804286107
102,2026-06-02 13:20:00,26.470704410887457,11.076924038549317,3.8404671810910065
102,2026-06-02 13:30:00,26.483703456350728,11.119774522213772,3.831394164982466
102,2026-06-02 13:40:00,26.461611106964654,11.156202483277434,3.835515018379984
102,2026-06-02 13:50:00,26.453363173026435,11.29147218943195,3.827416601271934
102,2026-06-02 14:00:00,26.707754245526893,11.155942087687356,3.8444008240184404
102,2026-06-02 14:10:00,27.135374984738636,11.462765535102253,3.8446912404470055
102,2026-06-02 14:20:00,27.428342142409605,11.404973374553297,3.8147167756699623
102,2026-06-02 14:30:00,27.492129433934796,11.412725671169127,3.8227234528829945
102,2026-06-02 14:40:00,-45.2,11.45127099676575,3.8158931761265933
102,2026-06-02 14:50:00,27.217990187413065,11.523759566078095,3.8231981365260004
102,2026-06-02 15:00:00,27.596248346343945,11.593971195574627,3.8277039033647413
102,2026-06-02 15:10:00,27.338357708419892,11.66152644155313,3.812881738058235
102,2026-06-02 15:20:00,27.87836528854816,11.721261700074685,3.8169994993165424
102,2026-06-02 15:30:00,27.903505635307994,11.764986966385116,3.8150184309195563
102,2026-06-02 15:40:00,27.956620097864448,11.820421133363709,3.825970585126936
102,2026-06-02 15:50:00,27.845095584667636,11.895198863541873,3.823431262395885
102,2026-06-02 16:00:00,28.3782754925866,11.968124332840704,3.8143603506847246
102,2026-06-02 16:10:00,28.27775025499622,12.112234373209583,3.822185842132067
102,2026-06-02 16:20:00,28.256165257940026,12.16540270130313,3.813790739757376
102,2026-06-02 16:30:00,28.018587652394334,12.071319151014622,3.8153808966925626
102,2026-06-02 16:40:00,28.687374390954126,12.336111835703438,3.833671875891384
102,2026-06-02 16:50:00,29.144025910443435,12.400324083253023,3.8291818726988778
102,2026-06-02 17:00:00,29.215304398976876,12.479140392293962,3.801621357004274
102,2026-06-02 17:10:00,28.881809557265147,12.552280476032784,3.8217544007449167
102,2026-06-02 17:20:00,28.939585284032812,12.721606726466934,3.8204109493036165
102,2026-06-02 17:30:00,29.23713028816367,12.808456585233907,3.79965425806375
102,2026-06-02 17:40:00,29.023524095167648,12.820018700078657,3.8181645745813997
102,2026-06-02 17:50:00,29.359795459933768,12.97841772091734,3.8241960245205524
102,2026-06-02 18:00:00,29.52523438069472,13.01062049951509,3.7964311644665583
102,2026-06-02 18:10:00,29.68626986666626,13.093010393710848,3.7973214915114353
102,2026-06-02 18:20:00,29.485942418037784,13.235005769567696,3.815513041582588
102,2026-06-02 18:30:00,29.526498280831643,13.41528529545761,3.806891287214985
102,2026-06-02 18:40:00,29.449014024452016,13.527029573740979,3.8085310040516993
102,2026-06-02 18:50:00,29.51268092271016,13.613527870906951,3.805262040655884
102,2026-06-02 19:00:00,29.682231176526198,13.733829017943213,3.804603014893736
102,2026-06-02 19:10:00,29.846451476364106,13.834190873062571,3.7862712415939193
102,2026-06-02 19:20:00,29.997089543962296,13.888128520527662,3.80884904713582
102,2026-06-02 19:30:00,29.691038709552153,14.054537229643682,3.8089116771864586
102,2026-06-02 19:40:00,30.183390023980337,14.186522110185672,3.793761777014076
102,2026-06-02 19:50:00,29.859653127862575,14.298502231426394,3.794460822149193
102,2026-06-02 20:00:00,29.934452981878987,14.435147717425432,3.7784244238143496
102,2026-06-02 20:10:00,29.8099346303342,14.526562297320702,3.797717953592661
102,2026-06-02 20:20:00,29.49096381868887,14.624597111840584,3.7971358876421997
102,2026-06-02 20:30:00,30.164826263592598,14.776743850804584,3.7896333102476403
102,2026-06-02 20:40:00,30.143351311426326,14.838357170857543,3.800338661208914
102,2026-06-02 20:50:00,29.94343563159506,14.912172670303386,3.784594262492985
102,2026-06-02 21:00:00,30.0125679998658,15.064733398596328,3.7924210012542954
102,2026-06-02 21:10:00,30.097576967364763,15.152200002536567,3.7754182058010137
102,2026-06-02 21:20:00,29.672853837618437,15.272083574901254,3.784219234871768
102,2026-06-02 21:30:00,29.866288648938337,15.414753933595955,3.7815511209940578
102,2026-06-02 21:40:00,30.113461860637045,15.498137553878099,3.7843876499860705
102,2026-06-02 21:50:00,29.68204921252835,15.63768204516526,3.777279208669903
102,2026-06-02 22:00:00,29.965723735401106,15.673165822107807,3.7784996591940954
102,2026-06-02 22:10:00,29.60562973069607,15.892624981772087,3.7869147640578023
102,2026-06-02 22:20:00,29.936020478668453,15.995384618118356,3.7731265571635806
102,2026-06-02 22:30:00,29.797278105096904,16.066987904863513,3.7602683357211517
102,2026-06-02 22:40:00,29.438968066594597,16.252380912319232,3.792669852963168
102,2026-06-02 22:50:00,29.94848248919342,16.376836885441026,3.787828461900594
102,2026-06-02 23:00:00,29.518148144024497,16.358989630044917,3.7599312013552084
102,2026-06-02 23:10:00,29.448582365084924,16.509417122904015,3.778590813551292
102,2026-06-02 23:20:00,29.592393907276044,16.61596651561824,3.7655038949859017
102,2026-06-02 23:30:00,29.719785176932774,16.71289243906187,3.772008422037301
102,2026-06-02 23:40:00,29.220854297237466,16.905329339392555,3.771155698366701
102,2026-06-02 23:50:00,29.36655503494983,16.956547959748935,3.7647092862659783
102,2026-06-03 00:00:00,29.366481550728018,17.05372583100242,3.758055614805853
102,2026-06-03 00:10:00,29.34219981745218,17.065713789701785,3.7578277681311296
102,2026-06-03 00:20:00,29.158154283009665,17.29479205772471,3.7544111666920554
102,2026-06-03 00:30:00,28.96524311897265,17.296248848145183,3.7540947709571384
102,2026-06-03 00:40:00,28.78548038362172,17.454394459549288,3.760581117331525
102,2026-06-03 00:50:00,28.877218476828492,17.556368972579126,3.7529352075334868
102,2026-06-03 01:00:00,28.551272061974085,17.699474150899444,3.7657532352742953
102,2026-06-03 01:10:00,28.083938972728713,17.652704491730287,3.772645083363104
102,2026-06-03 01:20:00,28.654912146352576,17.651563688349686,3.7508119965886197
102,2026-06-03 01:30:00,28.644745701471358,17.893743314432278,3.7578464812002492
102,2026-06-03 01:40:00,27.88478632389631,18.054135981626125,3.7592891944905
102,2026-06-03 01:50:00,28.045986879097303,18.103097741795143,3.757852273289239
102,2026-06-03 02:00:00,28.259563239700555,18.126088326413164,3.752731710451783
102,2026-06-03 02:10:00,28.4323653812683,18.16283011882282,3.758238889148794
102,2026-06-03 02:20:00,27.907591100722662,18.2968652335806,3.754474461684579
102,2026-06-03 02:30:00,27.63792983723915,18.27416083790216,3.7361152551270753
102,2026-06-03 02:40:00,27.624683118277353,18.410160567288962,3.756023347186816
102,2026-06-03 02:50:00,27.811707517581706,18.47224222373103,3.7550446021081663
102,2026-06-03 03:00:00,27.280852925845032,18.557675220146823,3.7373787398862883
102,2026-06-03 03:10:00,27.121472276265475,18.697364664406706,3.7442308864751257
102,2026-06-03 03:20:00,27.054087705818308,18.63069381614292,3.7495247052413356
102,2026-06-03 03:30:00,26.82746831508627,18.63424667023519,3.7394381843100066
102,2026-06-03 03:40:00,26.90845025128056,18.703927118027963,3.7511010101760363
102,2026-06-03 03:50:00,27.073032645221463,18.659113483175418,3.762849861837145
102,2026-06-03 04:00:00,26.67540763816775,18.752007520800177,3.7301911837571766
102,2026-06-03 04:10:00,26.42164669126616,18.802236107833917,3.7230805052445644
102,2026-06-03 04:20:00,26.273829401624045,18.829203451092887,3.7387690444247266
102,2026-06-03 04:30:00,25.87849535407208,18.892456042219386,3.741786390712514
102,2026-06-03 04:40:00,26.22568483203049,18.869845499248633,3.731102009115381
102,2026-06-03 04:50:00,25.890533062725737,18.989821786345853,3.746783186679614
102,2026-06-03 05:00:00,25.726271932029263,18.953240539314105,3.7177044292417465
102,2026-06-03 05:10:00,26.256608805085875,18.96886473754318,3.7368595806618705
102,2026-06-03 05:20:00,25.532831942018667,18.965660534629038,3.722711693416541
102,2026-06-03 05:30:00,25.177415085650637,18.999155453749584,3.7448039878787784
102,2026-06-03 05:40:00,25.09691509451026,19.03859867430431,3.746375269540962
102,2026-06-03 05:50:00,25.26613420952515,18.956537228366344,3.7176234573240228
102,2026-06-03 06:00:00,24.91332662431489,18.966137861787043,3.718634359035346
102,2026-06-03 06:10:00,24.457337352720355,18.979608023469602,3.731565716456805
102,2026-06-03 06:20:00,24.783375905203396,18.91985572106713,3.717938438281687
102,2026-06-03 06:30:00,24.3207788826305,18.935152118782685,3.7201955397928357
102,2026-06-03 06:40:00,24.684408606434374,18.937889894266917,3.7197434433701573
102,2026-06-03 06:50:00,24.381686750027633,18.98763875720252,3.699132734795332
102,2026-06-03 07:00:00,23.932850043184832,18.935913273820173,3.717030996088942
102,2026-06-03 07:10:00,24.135986042488973,18.90799612574026,3.7091120030018176
102,2026-06-03 07:20:00,23.75177443869353,18.913079263713435,3.7099179597110368
102,2026-06-03 07:30:00,23.768251203491825,18.832593440017064,3.7281254151622982
102,2026-06-03 07:40:00,23.555328164338235,18.824649276592464,3.699963933377393
102,2026-06-03 07:50:00,23.15110582468849,18.76239447857279,3.7195009613802408
102,2026-06-03 08:00:00,23.055090474389864,18.740050679314386,3.707419187402018
102,2026-06-03 08:10:00,23.254759714245523,18.65370374638074,3.7062511222129535
102,2026-06-03 08:20:00,22.848438200945196,18.513829411639225,3.715792350051004
102,2026-06-03 08:30:00,22.70306127030262,18.578894386736167,3.7101290512287517
102,2026-06-03 08:40:00,22.463047987563098,18.60353595110099,3.7112745754478333
102,2026-06-03 08:50:00,22.61106796655591,18.522496867960953,3.7140901992735422
102,2026-06-03 09:00:00,22.813231466383662,18.46528866201803,3.6999351760289554
102,2026-06-03 09:10:00,22.06380769010586,18.41675344421316,3.695965799708287
102,2026-06-03 09:20:00,22.161060320157933,18.294456101380376,3.690076568980362
102,2026-06-03 09:30:00,22.319979998058457,18.23216870138956,3.691513876138725
102,2026-06-03 09:40:00,21.90544525122359,18.1209609602259,3.7280988328841778
102,2026-06-03 09:50:00,21.898302457092402,18.062901388559816,3.7098945916310337
102,2026-06-03 10:00:00,21.484517403515813,18.033738072561814,3.6827769593541615
102,2026-06-03 10:10:00,21.674633193374294,17.984835622478776,3.681903030641381
102,2026-06-03 10:20:00,21.44641806316551,17.836874938490666,3.698786178018577
102,2026-06-03 10:30:00,21.578856894299573,17.738126284270347,3.6982800725677474
102,2026-06-03 10:40:00,21.52012773995283,17.675104016580566,3.6971361701397165
102,2026-06-03 10:50:00,21.704662752314093,17.617305930100073,3.6879376810435813
102,2026-06-03 11:00:00,21.210017530956257,17.42502158863986,3.6880726035716647
102,2026-06-03 11:10:00,21.069911173234562,17.290251310663937,3.691445848605863
102,2026-06-03 11:20:00,20.957685865887612,17.283335170472235,3.687865890619778
102,2026-06-03 11:30:00,20.765701978788737,17.15366374347942,3.6636538640219447
102,2026-06-03 11:40:00,20.825097479151008,17.091247145090847,3.6823887786362435
102,2026-06-03 11:50:00,20.62299223960961,17.009420709002175,3.6750126177919675
102,2026-06-03 12:00:00,20.644106897386177,16.892588525027204,3.6841187035162313
102,2026-06-03 12:10:00,20.806007670384695,16.884687521345434,3.711059086545756
102,2026-06-03 12:20:00,20.277042131592225,16.723674272514085,3.68372122036704
102,2026-06-03 12:30:00,20.646032377349275,16.616182353665188,3.6757510140431484
102,2026-06-03 12:40:00,20.625080489868292,16.524729560885234,3.6869442331172206
102,2026-06-03 12:50:00,20.285587314101445,16.32786849416896,3.681393004162115
102,2026-06-03 13:00:00,19.83636090419911,16.326779555176156,3.679606977387117
102,2026-06-03 13:10:00,20.09472687272014,16.159965928190122,3.6803144456073307
102,2026-06-03 13:20:00,20.435315863096115,16.08521912377379,3.6936512825160452
102,2026-06-03 13:30:00,20.13506964186907,15.88514920892845,3.6606168697070656
102,2026-06-03 13:40:00,19.907640559059594,15.74730315071706,3.675501982021015
102,2026-06-03 13:50:00,19.978562544993782,15.751433322909495,3.6603417571456602
102,2026-06-03 14:00:00,20.223840617595858,15.614303087739382,3.6740006021014735
102,2026-06-03 14:10:00,20.145465199826685,15.434817626862637,3.6580985177157657
102,2026-06-03 14:20:00,19.972953390081457,15.320466696933268,3.6619516218871513
102,2026-06-03 14:30:00,19.936228773460233,15.303941868222566,3.6620142980733985
102,2026-06-03 14:40:00,19.924337868669994,15.071709285241978,3.6735632716018
102,2026-06-03 14:50:00,19.8155511697256,15.096711771555178,3.671829556040352
102,2026-06-03 15:00:00,20.324702176085328,14.852932939319562,3.64902774502904
102,2026-06-03 15:10:00,19.943005544529733,14.81335615820699,3.660874167096077
102,2026-06-03 15:20:00,20.26098774494473,14.648664009564962,3.6520689346311626
102,2026-06-03 15:30:00,20.336140882050863,14.579197355796431,3.6454195912644765
102,2026-06-03 15:40:00,20.250084536841197,14.406158666417248,3.6546743770595618
102,2026-06-03 15:50:00,19.986850271326556,14.310032760974066,3.6525996268718224
102,2026-06-03 16:00:00,20.180860279839173,14.205605978936177,3.6787915268124114
102,2026-06-03 16:10:00,20.126380119882686,14.039515259404304,3.6576938673951385
102,2026-06-03 16:20:00,19.98572245971533,14.013504308165015,3.6384280013265644
102,2026-06-03 16:30:00,20.270686932096627,13.838510908686894,3.6453963434849728
102,2026-06-03 16:40:00,20.013434564000917,13.741415575959804,3.6600978236735515
102,2026-06-03 16:50:00,20.534244134348757,13.592862206802,3.6696083256405325
102,2026-06-03 17:00:00,20.255248472249473,13.405350944843606,3.631703971982029
102,2026-06-03 17:10:00,20.443821732880913,13.416050788899524,3.6276044684455933
102,2026-06-03 17:20:00,20.51957233408698,13.439705783256155,3.6639532712432774
102,2026-06-03 17:30:00,20.474315383168907,13.253206898937234,3.6479796684558434
102,2026-06-03 17:40:00,20.710419710105654,13.10943351190931,3.634240506555946
102,2026-06-03 17:50:00,20.56883080523816,12.99527805604831,3.64710963192851
102,2026-06-03 18:00:00,20.912487474513437,12.90926485995717,3.614245770869692
102,2026-06-03 18:10:00,20.54707119287552,12.836994631997154,3.639476910518408
102,2026-06-03 18:20:00,20.923138458566918,12.65395701995198,3.6415612743734425
102,2026-06-03 18:30:00,21.37073069745554,12.674016751281338,3.646365671232965
102,2026-06-03 18:40:00,20.87137560638027,12.561397254819013,3.625823917507237
102,2026-06-03 18:50:00,21.027729244413525,12.470968288916545,3.6356596558367715
102,2026-06-03 19:00:00,21.36115750552952,12.368593880796329,3.6243884451547177
102,2026-06-03 19:10:00,21.392570483000284,12.261517428858948,3.635036436164632
102,2026-06-03 19:20:00,21.528155291974016,12.210374786870286,3.622369042576834
102,2026-06-03 19:30:00,21.660252626199785,12.124917424517994,3.6260814046014374
102,2026-06-03 19:40:00,21.796667473272763,11.998688735429253,3.6190441662377126
102,2026-06-03 19:50:00,22.001801963643967,11.91131089381213,3.6343535897964268
102,2026-06-03 20:00:00,21.97470175729914,11.87128510917342,3.6352666457373326
102,2026-06-03 20:10:00,21.96000379256933,11.87250844553421,3.6231758360637674
102,2026-06-03 20:20:00,22.260830435025582,11.664691526107108,3.624744328905517
102,2026-06-03 20:30:00,22.626795171872182,11.587642507962967,3.6087159420021564
102,2026-06-03 20:40:00,22.34313541325949,11.606466939986417,3.6190449968609997
102,2026-06-03 20:50:00,22.29983554618274,11.540875018301318,3.6203796243632254
102,2026-06-03 21:00:00,22.843366331341695,11.490041975662557,3.645929508636518
102,2026-06-03 21:10:00,22.7271041695176,11.439607749633655,3.607441814661052
102,2026-06-03 21:20:00,22.447788262792574,11.365321984078365,3.6320431644988935
102,2026-06-03 21:30:00,23.184748367493913,11.403127375928364,3.6262098870386024
102,2026-06-03 21:40:00,23.042827340709774,11.20386188453895,3.6178875705414213
102,2026-06-03 21:50:00,23.2679879143576,11.200913903373632,3.631507318531047
102,2026-06-03 22:00:00,23.490149101446374,11.198801813780676,3.616482075607739
102,2026-06-03 22:10:00,23.600851293528873,11.08665765366778,3.615492520030925
102,2026-06-03 22:20:00,23.844861748178083,11.128133538108045,3.6099096287366463
102,2026-06-03 22:30:00,23.757196651474395,11.191392660564745,3.6215164312835832
102,2026-06-03 22:40:00,24.089220011276602,11.084064417394151,3.6190853419900813
102,2026-06-03 22:50:00,24.077855863889422,11.07258563068631,3.6007037839695855
102,2026-06-03 23:00:00,24.421433369322607,10.979421066030552,3.5926079920911356
102,2026-06-03 23:10:00,24.541268245133438,10.996354007897502,3.6026105648557416
102,2026-06-03 23:20:00,24.376125035217267,10.996532057519897,3.5954798927782976
102,2026-06-03 23:30:00,24.925798508544695,10.990913042693041,3.601684939868696
102,2026-06-03 23:40:00,24.747046403035753,11.065782250408681,3.613534474154266
102,2026-06-03 23:50:00,25.161611559656226,11.027884553036257,3.595426983449132
103,2026-06-01 00:00:00,24.991435323737687,10.90651291501523,4.110887696542166
103,2026-06-01 00:10:00,25.157365454903115,10.982274021899343,4.095076899943325
103,2026-06-01 00:20:00,25.461084091131365,11.016319992027105,4.097868004882557
103,2026-06-01 00:30:00,24.98740935757689,11.037752812600345,4.084803178104551
103,2026-06-01 00:40:00,25.46046519271611,11.001681743639931,4.11231685754841
103,2026-06-01 00:50:00,25.76858546531079,11.044151354874472,4.1131724229106075
103,2026-06-01 01:00:00,26.11025059187916,10.936634217729727,4.094606380437917
103,2026-06-01 01:10:00,25.915020658857372,11.050107672362659,4.102114656789881
103,2026-06-01 01:20:00,25.780395533203265,11.130994587906068,4.092472125329942
103,2026-06-01 01:30:00,26.42097090444295,11.087811556616915,4.076191910344419
103,2026-06-01 01:40:00,26.310176164661815,11.171766305304969,4.0842808382361175
103,2026-06-01 01:50:00,26.338313632849353,11.226308176828264,4.0885582587860485
103,2026-06-01 02:00:00,26.58903635123892,11.225211294569757,4.08153340912347
103,2026-06-01 02:10:00,26.813201950568267,11.292430272012602,4.08273226072913
103,2026-06-01 02:20:00,26.86378703502853,11.280497575734028,4.082844705120964
103,2026-06-01 02:30:00,26.6765646165848,11.366151532825302,4.081789822909976
103,2026-06-01 02:40:00,27.428232837069103,11.457920898217688,4.081961099986182
103,2026-06-01 02:50:00,27.63302481077145,11.489223540492457,4.0696723716098155
103,2026-06-01 03:00:00,27.635562991151033,11.509004069730318,4.071948167975077
103,2026-06-01 03:10:00,27.402800703379036,11.609439718139132,4.0651123940019325
103,2026-06-01 03:20:00,27.712882908317358,11.696749260782418,4.08657629934837
103,2026-06-01 03:30:00,27.872380042169073,11.62414981596093,4.05458158162568
103,2026-06-01 03:40:00,28.111503554419343,11.853011141207245,4.086013861669828
103,2026-06-01 03:50:00,28.240930071830178,11.849379557476269,4.087181359401863
103,2026-06-01 04:00:00,28.073303244991575,11.961265479118984,4.069135966751983
103,2026-06-01 04:10:00,28.346675931722302,12.076253117158567,4.044966308936112
103,2026-06-01 04:20:00,28.529040880752795,12.026743032969403,4.066224481387287
103,2026-06-01 04:30:00,28.833135192310046,12.141259674950566,4.068035652586647
103,2026-06-01 04:40:00,28.78424718135258,12.246109161180465,4.057411419192822
103,2026-06-01 04:50:00,28.899435401877362,12.30748241779962,4.061205124646604
103,2026-06-01 05:00:00,28.85348708706738,12.52180583142299,4.080499167765896
103,2026-06-01 05:10:00,29.210649957739314,12.48278958435561,4.070686394592855
103,2026-06-01 05:20:00,29.09900766154802,12.59052332757355,4.053631389018632
103,2026-06-01 05:30:00,28.929919875307643,12.723217112297567,4.045740945659033
103,2026-06-01 05:40:00,29.464406865100162,12.749531199934587,4.0572866713714655
103,2026-06-01 05:50:00,29.40135263948582,12.888357529728758,4.0572621839466345
103,2026-06-01 06:00:00,29.247579659211635,13.024295260571229,4.063198650806347
103,2026-06-01 06:10:00,29.311020456709553,13.093753510676907,4.051723398999614
103,2026-06-01 06:20:00,29.533218731118428,13.209307341597334,4.061031469071484
103,2026-06-01 06:30:00,29.629722199275765,13.292608406553091,4.074107920911042
103,2026-06-01 06:40:00,29.63586865141989,13.34987866157049,4.061751297927459
103,2026-06-01 06:50:00,29.714089802979423,13.549547288350334,4.051955309822284
103,2026-06-01 07:00:00,30.043283218258832,13.730326329114785,4.049444597377634
103,2026-06-01 07:10:00,29.9650661082141,13.753765653265978,4.046549277938944
103,2026-06-01 07:20:00,29.832312042500703,13.875434792872852,4.06076232559784
103,2026-06-01 07:30:00,30.021799284292136,14.011099228649849,4.04152268920638
103,2026-06-01 07:40:00,29.66227597813362,14.026158107366044,4.047087957948468
103,2026-06-01 07:50:00,29.979471148217513,14.288685753072869,4.045987617069855
103,2026-06-01 08:00:00,30.288686936076456,14.32828884609882,4.039297703315504
103,2026-06-01 08:10:00,29.905968463709918,14.514957211477409,4.029430796957354
103,2026-06-01 08:20:00,29.79859554260981,14.512386334466115,4.045225104664947
103,2026-06-01 08:30:00,29.852026181501753,14.755998029480297,4.040225227102791
103,2026-06-01 08:40:00,29.77460375415952,14.820194336628308,4.044677578708286
103,2026-06-01 08:50:00,29.84142058018302,14.925615980344576,4.033179078142104
103,2026-06-01 09:00:00,29.92586517365669,15.026279346610036,4.049563201387202
103,2026-06-01 09:10:00,29.716197097685512,15.118753448981623,4.027427157779528
103,2026-06-01 09:20:00,29.99353001096675,15.30769671192552,4.052155205624402
103,2026-06-01 09:30:00,30.159715624841933,15.370967844489405,4.016398344878516
103,2026-06-01 09:40:00,29.782330277784204,15.381566719401151,4.037062317814942
103,2026-06-01 09:50:00,30.248140172433406,15.539623288349153,4.036308831187215
103,2026-06-01 10:00:00,30.022640888466093,15.701246552398603,4.022438860875115
103,2026-06-01 10:10:00,30.098615111606236,15.84049103817614,4.03347827812571
103,2026-06-01 10:20:00,29.728789834900727,15.935912646135465,4.040869432637277
103,2026-06-01 10:30:00,29.994988091629434,16.112643632401408,4.00474596473871
103,2026-06-01 10:40:00,29.56532194978191,16.066199049314967,4.030781508399734
103,2026-06-01 10:50:00,29.91731761616647,16.282003362630398,3.9996612593141
103,2026-06-01 11:00:00,29.725166848459047,16.29391118878864,4.013777226674744
103,2026-06-01 11:10:00,29.74899276759664,16.531604818457268,4.038565445551561
103,2026-06-01 11:20:00,29.346824413751563,16.596435699962548,4.015295868761207
103,2026-06-01 11:30:00,29.34263538689653,16.72831753288517,4.008214796643613
103,2026-06-01 11:40:00,29.576957480387577,16.768869996592407,4.0168141261904315
103,2026-06-01 11:50:00,29.199915697022902,16.979224192061245,4.038312474054489
103,2026-06-01 12:00:00,29.41056873678241,17.068895958145987,3.9981564953933684
103,2026-06-01 12:10:00,28.969171728249282,17.145831370123805,4.00480012594161
103,2026-06-01 12:20:00,29.333299605182464,17.208223502431952,4.029127449082376
103,2026-06-01 12:30:00,28.834686331474156,17.33985487721157,4.031570062878533
103,2026-06-01 12:40:00,29.10570807761778,17.369715729921428,4.010798634392828
103,2026-06-01 12:50:00,29.03103529041566,17.539992112397574,3.99828232680304
103,2026-06-01 13:00:00,28.67389561240371,17.669719637369816,4.030471196038974
103,2026-06-01 13:10:00,28.833754783777064,17.728608146636695,4.024297092130949
103,2026-06-01 13:20:00,28.670377557503112,17.72415562402255,4.0139820452836545
103,2026-06-01 13:30:00,28.408384712595034,17.861918118138373,3.9979084591092335
103,2026-06-01 13:40:00,28.20931728925199,17.859984323432403,4.004382096382803
103,2026-06-01 13:50:00,27.910478752520294,18.03156903063204,4.002108696173311
103,2026-06-01 14:00:00,28.26210191161748,18.101235202004293,4.00586071722249
103,2026-06-01 14:10:00,27.76566591625486,18.05835273802101,4.015902125750222
103,2026-06-01 14:20:00,27.981532952912893,18.164213723823664,4.009026188972858
103,2026-06-01 14:30:00,27.791093927960166,18.275866276995117,3.9882981649842124
103,2026-06-01 14:40:00,27.858514282130923,18.339903920765806,4.011676797446831
103,2026-06-01 14:50:00,27.538864417566987,18.356544941017535,3.9998830615393426
103,2026-06-01 15:00:00,27.407762289293366,18.495635034316482,4.002462305290376
103,2026-06-01 15:10:00,27.492301637424692,18.54497222474302,4.009096963117147
103,2026-06-01 15:20:00,27.28322064286581,18.57589488824655,3.9821556592218017
103,2026-06-01 15:30:00,27.147837924070053,18.59798069454513,3.991753113122448
103,2026-06-01 15:40:00,27.04508596723242,18.735277035582147,3.9856367305884954
103,2026-06-01 15:50:00,26.509085134505224,18.80955291749882,3.9741125890410087
103,2026-06-01 16:00:00,26.830980580310733,18.743377492027086,3.992098190263288
103,2026-06-01 16:10:00,26.664112157923384,18.77451768823828,4.012586563195658
103,2026-06-01 16:20:00,26.198966905817315,18.864022412707634,3.967910127427332
103,2026-06-01 16:30:00,26.212980568677114,18.852632896617685,3.9848280059544705
103,2026-06-01 16:40:00,26.112355772332524,18.89134677013872,3.9903961486082884
103,2026-06-01 16:50:00,25.950786220803078,18.95976786495631,3.9840614084666774
103,2026-06-01 17:00:00,25.901094856429005,18.848451493791522,3.980539253117534
103,2026-06-01 17:10:00,25.976524305175378,19.027616054186783,3.9675182772008086
103,2026-06-01 17:20:00,25.761945645796267,18.97974903798523,3.9816782154572437
103,2026-06-01 17:30:00,25.13802604302536,18.96657461001268,3.970622615450258
103,2026-06-01 17:40:00,25.379421049677386,18.990332617197364,3.9551309453632073
103,2026-06-01 17:50:00,25.375114121699742,18.997165153991833,3.9878159918107055
103,2026-06-01 18:00:00,25.040916636452042,18.913333673979643,3.984293834996564
103,2026-06-01 18:10:00,25.036009471285826,19.07209067244359,3.97406649375923
103,2026-06-01 18:20:00,25.07468079347049,18.993462201170164,3.9746805380653516
103,2026-06-01 18:30:00,24.731660548875865,19.00420537697705,3.9819728785030253
103,2026-06-01 18:40:00,24.431874427611444,19.016907242128813,3.972313002136226
103,2026-06-01 18:50:00,24.446649780069563,18.902172063190182,3.977949688308634
103,2026-06-01 19:00:00,24.122877064491078,18.957443847931394,3.9647745979448574
103,2026-06-01 19:10:00,23.955717732055934,18.897584441322802,3.979709164531911
103,2026-06-01 19:20:00,23.73858363704584,18.927176837378525,3.9686370915980738
103,2026-06-01 19:30:00,23.980491016359274,18.749046499972042,3.9662096609673814
103,2026-06-01 19:40:00,23.36419687512018,18.81774551472751,3.9504084378367774
103,2026-06-01 19:50:00,23.695681761391082,18.75660214456543,3.9648185144594903
103,2026-06-01 20:00:00,23.351875871220525,18.76918042595158,3.9524693139341043
103,2026-06-01 20:10:00,22.836222576958015,18.728708043005973,3.9532459430363387
103,2026-06-01 20:20:00,23.055395821860273,18.624313556779462,3.950314921211038
103,2026-06-01 20:30:00,22.42935828821496,18.57546432457518,3.9466462353677825
103,2026-06-01 20:40:00,22.843790925770683,18.553848394033288,3.97739620590952
103,2026-06-01 20:50:00,22.767000534927856,18.459832613406114,3.9683017896918096
103,2026-06-01 21:00:00,22.344796575117527,18.489067900545304,3.973031981285944
103,2026-06-01 21:10:00,22.363447132692798,18.367882318798777,3.940439263261521
103,2026-06-01 21:20:00,22.607301061265087,18.177488736921298,3.9522206581487604
103,2026-06-01 21:30:00,21.995418299960036,18.237768000917644,3.9374129515901863
103,2026-06-01 21:40:00,21.76735219526272,18.135484737062228,3.942230986262832
103,2026-06-01 21:50:00,22.160600292993006,18.034041564876386,3.9388465723932122
103,2026-06-01 22:00:00,22.144584418066863,17.979279092237043,3.959263589484369
103,2026-06-01 22:10:00,21.643366323364894,17.969580846142232,3.9417453598315113
103,2026-06-01 22:20:00,21.73833387382755,17.950982878607,3.9552313571420448
103,2026-06-01 22:30:00,21.70069499758514,17.818198519833977,3.9494286798935647
103,2026-06-01 22:40:00,21.183294084064688,17.687820342275455,3.965263765711303
103,2026-06-01 22:50:00,21.137238968555224,17.65423643086605,3.9262728431514335
103,2026-06-01 23:00:00,21.38618520241173,17.51954561017027,3.9524995249732737
103,2026-06-01 23:10:00,21.38600442799024,17.416667809577824,3.9502115084719884
103,2026-06-01 23:20:00,21.07392748524556,17.30049363447621,3.9278532185802866
103,2026-06-01 23:30:00,20.70117115734537,17.17542971587666,3.9464982475178636
103,2026-06-01 23:40:00,21.193833526340338,17.146410722594155,3.9386282709759697
103,2026-06-01 23:50:00,20.613087569775704,17.07485424756395,3.931831965938749
103,2026-06-02 00:00:00,20.578753378785475,16.961408083186832,3.9247072808611385
103,2026-06-02 00:10:00,20.644448905864778,16.8430572508986,3.9245954484089416
103,2026-06-02 00:20:00,20.820774377095926,16.71260029108248,3.9511245710738683
103,2026-06-02 00:30:00,20.61851512748059,16.68483594269186,3.9294731854981593
103,2026-06-02 00:40:00,20.472340247584587,16.481696765835004,3.9361275645164744
103,2026-06-02 00:50:00,20.427591246639516,16.478169018955544,3.9192371778770596
103,2026-06-02 01:00:00,20.293168315426705,16.27984752761336,3.9181875494240943
103,2026-06-02 01:10:00,20.349633473128005,16.181796867029963,3.935645834171386
103,2026-06-02 01:20:00,19.68968158290474,16.034503076886136,3.910170131155946
103,2026-06-02 01:30:00,20.097944026004292,15.970254237005964,3.9183536627849844
103,2026-06-02 01:40:00,20.171318295362603,15.930725919327337,3.9216859817673346
103,2026-06-02 01:50:00,19.862785034308317,15.793627959877698,3.9212993408675882
103,2026-06-02 02:00:00,20.14435756640011,15.702001227248616,3.9172345891916014
103,2026-06-02 02:10:00,20.004496831090094,15.563865677224795,3.9218236270452977
103,2026-06-02 02:20:00,20.3789959552555,15.366796375705214,3.9236338939850923
103,2026-06-02 02:30:00,20.329240936047228,15.289303027433595,3.9228916190740826
103,2026-06-02 02:40:00,19.912449762352423,15.150435178321016,3.9045271127253867
103,2026-06-02 02:50:00,19.970662601265833,15.13941549199547,3.9103835070253523
103,2026-06-02 03:00:00,19.98550934385962,14.896426970543455,3.9240125938159847
103,2026-06-02 03:10:00,19.913685572760237,14.884368118289451,3.91985134426553
103,2026-06-02 03:20:00,20.05098781248524,14.767884032394203,3.896016185067556
103,2026-06-02 03:30:00,19.872531715479028,14.698505711549311,3.9120994857784637
103,2026-06-02 03:40:00,19.81449996684873,14.470662775329174,3.887642341473769
103,2026-06-02 03:50:00,20.185815804031378,14.41131815683071,3.9067338501806965
103,2026-06-02 04:00:00,20.212028068773275,14.374870256762659,3.924082078520128
103,2026-06-02 04:10:00,19.95428453787957,14.115619550077604,3.8944653883725535
103,2026-06-02 04:20:00,20.327396586464292,13.95618909003337,3.894440992282903
103,2026-06-02 04:30:00,20.059311835451286,13.826202098593418,3.909264427746123
103,2026-06-02 04:40:00,20.277654672606726,13.844017560149888,3.885036021970873
103,2026-06-02 04:50:00,20.436541847615985,13.603416718197886,3.892976394016695
103,2026-06-02 05:00:00,20.315220493541123,13.569257647255192,3.904108262883938
103,2026-06-02 05:10:00,20.466337640624896,13.501238980824123,3.8906409002238016
103,2026-06-02 05:20:00,20.329481040355446,13.381424398679968,3.8934639660211614
103,2026-06-02 05:30:00,20.454733449980605,13.287613874006405,3.902105430188997
103,2026-06-02 05:40:00,20.51794489193453,13.173105794740337,3.897718941113788
103,2026-06-02 05:50:00,20.47866600567417,13.123146626907825,3.8950115714339515
103,2026-06-02 06:00:00,20.66520808740697,12.910449287524171,3.8877920718708725
103,2026-06-02 06:10:00,20.467075157221945,12.824812826546914,3.893723813008838
103,2026-06-02 06:20:00,20.75839381362291,12.722447289864226,3.887625782247726
103,2026-06-02 06:30:00,20.882997205220892,12.706910681060764,3.8922810723405568
103,2026-06-02 06:40:00,20.975535240918518,12.616726328106983,3.881573603182695
103,2026-06-02 06:50:00,21.06864795475854,12.502637096082182,3.8835571408826546
103,2026-06-02 07:00:00,21.198071568918486,12.449761956861582,3.874323159893505
103,2026-06-02 07:10:00,21.403010931652954,12.24441475350813,3.8827125689115385
103,2026-06-02 07:20:00,21.581863319775838,12.301699788325394,3.873792543567888
103,2026-06-02 07:30:00,21.37989832954826,12.211886796274698,3.8696019948951315
103,2026-06-02 07:40:00,21.375069405993564,12.092326968228518,3.882168978067881
103,2026-06-02 07:50:00,21.516035646278723,12.066959692296892,3.880549671540479
103,2026-06-02 08:00:00,21.73852321764002,11.819931367340661,3.885090918323964
103,2026-06-02 08:10:00,21.879788338198598,11.804065647565942,3.871790832471302
103,2026-06-02 08:20:00,21.91297463419278,11.723742759288257,3.879022523827996
103,2026-06-02 08:30:00,21.927044921438814,11.729555442962381,3.8792898782749408
103,2026-06-02 08:40:00,22.2167302529727,11.576758625275524,3.8770695478230954
103,2026-06-02 08:50:00,22.46821422706109,11.605789831622534,3.8632051801093334
103,2026-06-02 09:00:00,22.677092219096245,11.578008669535048,3.871795258952642
103,2026-06-02 09:10:00,22.57483483888267,11.488775841800763,3.872782934283052
103,2026-06-02 09:20:00,22.733919707290955,12.5,3.8680532231841602
103,2026-06-02 09:30:00,22.763235457007855,12.5,3.845956569123946
103,2026-06-02 09:40:00,23.076086905127244,12.5,3.8672661491399665
103,2026-06-02 09:50:00,23.048118672420728,12.5,3.8866264704867794
103,2026-06-02 10:00:00,23.469374542277105,12.5,3.859740674597813
103,2026-06-02 10:10:00,23.135918774878554,12.5,3.854900203499405
103,2026-06-02 10:20:00,23.5607901498525,12.5,3.8647543672676474
103,2026-06-02 10:30:00,23.833723796055963,12.5,3.862984570967775
103,2026-06-02 10:40:00,23.952098035576494,12.5,3.8706280477098485
103,2026-06-02 10:50:00,24.596688670637203,12.5,3.844961921689171
103,2026-06-02 11:00:00,24.271593407204293,12.5,3.863694312966585
103,2026-06-02 11:10:00,24.14505258319383,12.5,3.8611246382459252
103,2026-06-02 11:20:00,24.471556789278225,12.5,3.852638859456581
103,2026-06-02 11:30:00,24.280619471391876,12.5,3.856287105197778
103,2026-06-02 11:40:00,24.7652774102314,12.5,3.8620347140271205
103,2026-06-02 11:50:00,24.76050058957016,12.5,3.8593032002039966
103,2026-06-02 12:00:00,25.255966254141725,12.5,3.83798976047555
103,2026-06-02 12:10:00,25.10869458499014,12.5,3.8564614426564177
103,2026-06-02 12:20:00,25.340778078755783,12.5,3.8464528819311132
103,2026-06-02 12:30:00,25.382238793023078,12.5,3.846668416154169
103,2026-06-02 12:40:00,26.001906767808435,12.5,3.845511552276606
103,2026-06-02 12:50:00,25.734118044485705,12.5,3.8421170596711822
103,2026-06-02 13:00:00,26.308429470854733,12.5,3.854376471722811
103,2026-06-02 13:10:00,26.247499220111656,12.5,3.840462124345823
103,2026-06-02 13:20:00,26.322911017249464,12.5,3.828943749853059
103,2026-06-02 13:30:00,26.44103054512051,12.5,3.835043819769769
103,2026-06-02 13:40:00,26.58566738637787,12.5,3.839605972690147
103,2026-06-02 13:50:00,26.25971650450201,12.5,3.8489510805575877
103,2026-06-02 14:00:00,26.726418921910952,12.5,3.8415297867566807
103,2026-06-02 14:10:00,27.08665685503466,12.5,3.8258333943122977
103,2026-06-02 14:20:00,27.041645444527862,12.5,3.858030553459132
103,2026-06-02 14:30:00,26.902442758919644,12.5,3.8346663145946986
103,2026-06-02 14:40:00,27.303199660380173,12.5,3.8436123760574845
103,2026-06-02 14:50:00,27.782734777321966,12.5,3.828181231534297
103,2026-06-02 15:00:00,27.817449440068646,12.5,3.833871875509699
103,2026-06-02 15:10:00,27.679644779659256,12.5,3.8357728753004046
103,2026-06-02 15:20:00,28.004021601122822,12.5,3.838400044565338
103,2026-06-02 15:30:00,27.859724748494116,12.5,3.8356316876941534
103,2026-06-02 15:40:00,27.709053080872753,12.5,3.8326198818336765
103,2026-06-02 15:50:00,27.979143000495085,12.5,3.819586951713581
103,2026-06-02 16:00:00,28.588133224974296,12.5,3.8158602657985368
103,2026-06-02 16:10:00,28.329491806562743,12.5,3.8237437085139145
103,2026-06-02 16:20:00,28.44147182920708,12.5,3.828588821326659
103,2026-06-02 16:30:00,28.53307245579569,12.5,3.8158702407880574
103,2026-06-02 16:40:00,29.073704689878856,12.5,3.8275890746455428
103,2026-06-02 16:50:00,29.1147673741819,12.5,3.830303429635836
103,2026-06-02 17:00:00,29.326808602756927,12.5,3.805453960182816
103,2026-06-02 17:10:00,28.941419766502392,12.5,3.8050878695281622
103,2026-06-02 17:20:00,29.11915259385459,12.5,3.8108932331696472
103,2026-06-02 17:30:00,28.84004692706451,12.5,3.8142130176331683
103,2026-06-02 17:40:00,29.518588068228958,12.5,3.8047311280061806
103,2026-06-02 17:50:00,29.065881169716288,12.5,3.822338732125098
103,2026-06-02 18:00:00,29.415373437770306,12.5,3.8118972811441867
103,2026-06-02 18:10:00,29.22142271636283,12.5,3.806890990203985
103,2026-06-02 18:20:00,29.388199867986035,12.5,3.790977331675468
103,2026-06-02 18:30:00,29.399780544657098,12.5,3.7910181759424533
103,2026-06-02 18:40:00,29.503035489668164,12.5,3.805826333802122
103,2026-06-02 18:50:00,29.570232452888337,12.5,3.780530192230331
103,2026-06-02 19:00:00,29.617873195921486,12.5,3.8108224297808952
103,2026-06-02 19:10:00,29.93964515735693,12.5,3.797954424433307
103,2026-06-02 19:20:00,29.593400060103143,12.5,3.8308067997655533
103,2026-06-02 19:30:00,29.895782785090997,12.5,3.820294939768342
103,2026-06-02 19:40:00,30.128444140649542,12.5,3.7942411937622813
103,2026-06-02 19:50:00,29.81123857516841,12.5,3.7938322216220186
103,2026-06-02 20:00:00,29.795142662599154,12.5,3.803691313979927
103,2026-06-02 20:10:00,29.913272041127716,12.5,3.809607132131663
103,2026-06-02 20:20:00,30.2117569124156,12.5,3.775035022650698
103,2026-06-02 20:30:00,30.026838710511058,12.5,3.7723914657640862
103,2026-06-02 20:40:00,29.88973967308632,12.5,3.782874779554665
103,2026-06-02 20:50:00,30.096476473256313,12.5,3.793762410634523
103,2026-06-02 21:00:00,29.778711426453544,12.5,3.791743677900435
103,2026-06-02 21:10:00,30.130661025912534,12.5,3.7963125637377733
103,2026-06-02 21:20:00,30.0670844705361,12.5,3.772457781096857
103,2026-06-02 21:30:00,29.91053749017982,15.374704523134595,3.7601332249433974
103,2026-06-02 21:40:00,29.786891765023235,15.480091024398298,3.7907147127186827
103,2026-06-02 21:50:00,29.755570912705508,15.709945848765448,3.7726925152285844
103,2026-06-02 22:00:00,30.013975616236962,15.78477419926979,3.7596295065069256
103,2026-06-02 22:10:00,30.122742192118565,15.83506401757662,3.780104929802981
103,2026-06-02 22:20:00,29.71527293277599,16.006155593120475,3.7854259564181496
103,2026-06-02 22:30:00,29.896083742266697,16.05655470223491,3.7751135354073257
103,2026-06-02 22:40:00,29.34458902605529,16.27445969881874,3.770595530059289
103,2026-06-02 22:50:00,29.59861107217055,16.383026926803357,3.77242029879223
103,2026-06-02 23:00:00,29.658854672809927,16.465967933204464,3.769148000682257
103,2026-06-02 23:10:00,29.428696169091435,16.565636414894676,3.7582132643794384
103,2026-06-02 23:20:00,29.364978792871938,16.742483039350972,3.763386835921511
103,2026-06-02 23:30:00,29.356501795753257,16.759871910486726,3.774586348934129
103,2026-06-02 23:40:00,29.48245720669842,16.804761891024928,3.771430242490331
103,2026-06-02 23:50:00,29.31675326129896,16.988712962329192,3.76873396232881
103,2026-06-03 00:00:00,28.833072003996907,17.171253925544807,3.755941786643183
103,2026-06-03 00:10:00,28.779438665472536,17.115168933262833,3.7629181470329356
103,2026-06-03 00:20:00,29.001492936382785,17.244948017879548,3.7418024353824393
103,2026-06-03 00:30:00,29.130186004000027,17.37903406979293,3.764197759678297
103,2026-06-03 00:40:00,28.401497459206418,17.448702585585686,3.775541477310154
103,2026-06-03 00:50:00,28.760043664988892,17.49338494666235,3.745351486104173
103,2026-06-03 01:00:00,28.660450293067722,17.687534113919035,3.7530734378839914
103,2026-06-03 01:10:00,28.945876625069324,17.834147547787104,3.761063689596846
103,2026-06-03 01:20:00,28.490595823178467,17.81234586909192,3.769140955346595
103,2026-06-03 01:30:00,28.540556530202306,17.839347422707792,3.750970190031894
103,2026-06-03 01:40:00,28.385624239022174,17.886662396297908,3.747369840094812
103,2026-06-03 01:50:00,27.82181972407785,18.05404922320923,3.7334430191558856
103,2026-06-03 02:00:00,28.289373830825863,18.170799222815244,3.753006539065703
103,2026-06-03 02:10:00,28.06394558841722,18.211170315429193,3.7712328253666345
103,2026-06-03 02:20:00,28.005086087122496,18.25638891170279,3.7524255567774194
103,2026-06-03 02:30:00,28.56877796677224,18.293374565297917,3.748269089558511
103,2026-06-03 02:40:00,27.244439818598604,18.33173449718525,3.750552609650593
103,2026-06-03 02:50:00,27.88167156370429,18.48870628208894,3.7460607736960125
103,2026-06-03 03:00:00,27.352556257789868,18.550353305841156,3.736881457205473
103,2026-06-03 03:10:00,27.33877645847613,18.482095173126616,3.752084307277427
103,2026-06-03 03:20:00,27.14153396119447,18.690564966693014,3.7449490305443422
103,2026-06-03 03:30:00,26.933286770058405,18.688398412565263,3.741707455025137
103,2026-06-03 03:40:00,26.769949602433847,18.775185565894855,3.7306175694255934
103,2026-06-03 03:50:00,26.813998700642152,18.680460890995615,3.7522462162102985
103,2026-06-03 04:00:00,26.30735704421021,18.718451969583857,3.744698071536858
103,2026-06-03 04:10:00,26.622233225195775,18.815251764251204,3.731361742902429
103,2026-06-03 04:20:00,26.248952774430105,18.880547092334375,3.745749107005497
103,2026-06-03 04:30:00,25.96511964800334,18.97465633976405,3.729595057277401
103,2026-06-03 04:40:00,25.959060305001895,18.9462704415585,3.725590637928718
103,2026-06-03 04:50:00,26.15753034550081,18.92163618913903,3.724653548871601
103,2026-06-03 05:00:00,25.655300897344144,18.9019117256849,3.713379801708098
103,2026-06-03 05:10:00,25.68967801515883,19.03082978223607,3.7346458182357365
103,2026-06-03 05:20:00,25.326890105202438,18.93381999916715,3.7104588528407465
103,2026-06-03 05:30:00,25.479357665654398,19.07281934729525,3.715325770504048
103,2026-06-03 05:40:00,25.319288161509405,18.983124528590604,3.7056942359184952
103,2026-06-03 05:50:00,25.40616683434508,19.079422842782783,3.724429326273947
103,2026-06-03 06:00:00,24.855559753107492,19.032990250743772,3.722626725791713
103,2026-06-03 06:10:00,24.87872390933541,18.987944550436314,3.7197028754551433
103,2026-06-03 06:20:00,24.619143626196145,18.961179448649485,3.7113839678328766
103,2026-06-03 06:30:00,24.7135820561109,18.95906961790146,3.7089273144377914
103,2026-06-03 06:40:00,24.16598257366912,18.983116772562912,3.7241332578001987
103,2026-06-03 06:50:00,24.31467819946016,18.947777122977772,3.712823947040224
103,2026-06-03 07:00:00,23.983374963093247,18.89309463696664,3.7203329567652457
103,2026-06-03 07:10:00,23.86694513472025,18.890035059656004,3.707156793881217
103,2026-06-03 07:20:00,23.756553833477724,18.874463217090995,3.7166598153627457
103,2026-06-03 07:30:00,23.648144547752718,18.733025324716294,3.726721875500771
103,2026-06-03 07:40:00,23.435135792254947,18.828034439835456,3.7183906603241135
103,2026-06-03 07:50:00,23.36331979232077,18.718569504983574,3.707244771330596
103,2026-06-03 08:00:00,23.499424052365793,18.66911594168412,3.7127808064088956
103,2026-06-03 08:10:00,23.245857487852334,18.598474461905784,3.7066420721526097
103,2026-06-03 08:20:00,23.089224185865884,18.546075644659652,3.7079674329374344
103,2026-06-03 08:30:00,22.692683057746247,18.51783596968987,3.7034724277615774
103,2026-06-03 08:40:00,22.476224337787304,18.49694749641447,3.703925093416784
103,2026-06-03 08:50:00,22.71740826508477,18.5738490547252,3.7065292861989554
103,2026-06-03 09:00:00,22.575935841040994,18.390724803993713,3.693314672864969
103,2026-06-03 09:10:00,22.571848408106913,18.36383441343625,3.6919293787834646
103,2026-06-03 09:20:00,22.035420303629536,18.31004729115762,3.6870426487076275
103,2026-06-03 09:30:00,21.9916261559033,18.228856175330073,3.683765270393478
103,2026-06-03 09:40:00,21.593476696967645,18.14797138196132,3.6864350617088855
103,2026-06-03 09:50:00,21.72933387663028,18.018940343181207,3.699042420891707
103,2026-06-03 10:00:00,21.896310211261078,18.07549589248722,3.687359827861323
103,2026-06-03 10:10:00,21.495672698087127,18.015001232802227,3.7002637548511275
103,2026-06-03 10:20:00,21.611942875206587,17.759714317568584,3.6943146548889176
103,2026-06-03 10:30:00,21.34361027396404,17.7094343179686,3.6731223824595873
103,2026-06-03 10:40:00,21.347461935284194,17.661087101518888,3.6981970876287598
103,2026-06-03 10:50:00,20.957211745947237,17.539018702908105,3.6985952254350356
103,2026-06-03 11:00:00,21.111132786240322,17.52251260711933,3.6793885194233455
103,2026-06-03 11:10:00,20.406524715737984,17.36864674820047,3.6923689687932195
103,2026-06-03 11:20:00,20.881429773939747,17.419114816337142,3.6784419781827524
103,2026-06-03 11:30:00,20.510240588607846,17.274226794492307,3.6868235715169035
103,2026-06-03 11:40:00,20.998599613768032,17.127282856504824,3.672041790872446
103,2026-06-03 11:50:00,20.83755399219032,17.068159038109034,3.665595617609225
103,2026-06-03 12:00:00,20.70374889852547,16.97054596669622,3.6785384174310165
103,2026-06-03 12:10:00,20.846689408694978,16.783866770218985,3.6799692070569736
103,2026-06-03 12:20:00,20.288567340483183,16.666526172056873,3.6760696067761507
103,2026-06-03 12:30:00,20.767529304706578,16.60506578883313,3.667046005322647
103,2026-06-03 12:40:00,20.548095789252393,16.53670100990796,3.6737272274761366
103,2026-06-03 12:50:00,20.26188996205587,16.391763169990668,3.6792590728158303
103,2026-06-03 13:00:00,20.487855913437418,16.195974141695594,3.674957102181373
103,2026-06-03 13:10:00,19.9950325676567,16.123612920319353,3.6760709499811663
103,2026-06-03 13:20:00,20.011014121478357,16.04799644973201,3.6663846948632073
103,2026-06-03 13:30:00,20.017925309680905,15.934958790364167,3.6836429332074863
103,2026-06-03 13:40:00,20.001705463905772,15.923618197857355,3.6590039278873525
103,2026-06-03 13:50:00,19.868206000687373,15.641239442888294,3.674481171416343
103,2026-06-03 14:00:00,20.300333225714013,15.620762073526299,3.6802643865676505
103,2026-06-03 14:10:00,19.984347606112443,15.554375859996927,3.6720944637581154
103,2026-06-03 14:20:00,20.091240803586775,15.477522338268143,3.664100047752554
103,2026-06-03 14:30:00,19.895523382540436,15.22745025784263,3.6596822267491476
103,2026-06-03 14:40:00,19.638568838369057,15.155751352521355,3.674165980918815
103,2026-06-03 14:50:00,20.054044678303587,15.04306614175231,3.6484152623483115
103,2026-06-03 15:00:00,19.619176043107483,14.907738062629619,3.6517836761897073
103,2026-06-03 15:10:00,19.993742829154908,14.776494301864606,3.6563492483311615
103,2026-06-03 15:20:00,19.74389303301307,14.686893702827414,3.6715412707537745
103,2026-06-03 15:30:00,20.429332871512532,14.42242567998133,3.661802316731639
103,2026-06-03 15:40:00,20.23269490164655,14.467467841026089,3.647164089978703
103,2026-06-03 15:50:00,20.094325092124464,14.324481301460779,3.6525813777025316
103,2026-06-03 16:00:00,20.352855597302785,14.192436275327477,3.648381130507993
103,2026-06-03 16:10:00,19.961956045667723,14.191967741979354,3.6462663792191963
103,2026-06-03 16:20:00,20.275158707595374,13.94271638995448,3.6619930719196745
103,2026-06-03 16:30:00,20.245777162496047,13.844017787557222,3.637326652234047
103,2026-06-03 16:40:00,20.30204653849961,13.852423236837042,3.6659717992766017
103,2026-06-03 16:50:00,20.5511789566778,13.600976610289933,3.6570061948136794
103,2026-06-03 17:00:00,20.494670352265114,13.505961863636545,3.6584724218104454
103,2026-06-03 17:10:00,20.46133453427135,13.41825090585799,3.6417743171767314
103,2026-06-03 17:20:00,20.131937272532095,13.361111736281988,3.643744212298768
103,2026-06-03 17:30:00,20.33408711885383,13.224366809909998,3.6297520085368875
103,2026-06-03 17:40:00,20.568539163091454,13.045765263538417,3.637676809804042
103,2026-06-03 17:50:00,20.682486011417996,12.981814169352363,3.6466998895437173
103,2026-06-03 18:00:00,20.512187270087203,12.877773843655959,3.6535638788776748
103,2026-06-03 18:10:00,21.298602464040556,12.80577762397724,3.628371587284412
103,2026-06-03 18:20:00,21.201141353708348,12.734289843648913,3.634628003275159
103,2026-06-03 18:30:00,21.10336856172238,12.639210954342293,3.6356099776352617
103,2026-06-03 18:40:00,21.085849243558133,12.43682760134453,3.6220049850082376
103,2026-06-03 18:50:00,21.120836444538263,12.48825605200919,3.640716276640322
103,2026-06-03 19:00:00,21.06799224359329,12.359298536155674,3.6264027880978875
103,2026-06-03 19:10:00,21.372150230316137,12.329763198353943,3.6305286950961184
103,2026-06-03 19:20:00,21.509579780147856,12.198941641436479,3.6268030120813455
103,2026-06-03 19:30:00,21.31406308507393,12.150392865717713,3.6222690279358427
103,2026-06-03 19:40:00,21.736558463009388,12.03971803654881,3.6289318703308093
103,2026-06-03 19:50:00,21.748810185487773,12.007302270267113,3.62568613159251
103,2026-06-03 20:00:00,21.51117651433796,11.89230482621121,3.622963555747979
103,2026-06-03 20:10:00,21.836178321337137,11.790161675637307,3.618237425546538
103,2026-06-03 20:20:00,22.043594588100706,11.840268615912146,3.627557195663746
103,2026-06-03 20:30:00,22.62435631636118,11.705470627364583,3.6397380288334147
103,2026-06-03 20:40:00,22.480972787442752,11.626916118974812,3.623440635669459
103,2026-06-03 20:50:00,22.227645093296893,11.4745154123816,3.630842852682754
103,2026-06-03 21:00:00,22.719157455367828,11.416959511570859,3.6058193584746836
103,2026-06-03 21:10:00,22.441719604520646,11.442045863845323,3.6201390993117313
103,2026-06-03 21:20:00,23.098860382772795,11.383758156698518,3.6064277089216588
103,2026-06-03 21:30:00,22.921039101700252,11.297928075747844,3.6014720500286255
103,2026-06-03 21:40:00,23.131165740152724,11.290956218443378,3.6076874924219293
103,2026-06-03 21:50:00,23.551253900326873,11.321770101014824,3.6258401070332313
103,2026-06-03 22:00:00,23.16632032161572,11.238734675515644,3.6222611791683668
103,2026-06-03 22:10:00,23.28332772055046,11.111766668737852,3.61403097529479
103,2026-06-03 22:20:00,23.586251519481074,11.131350816972502,3.5951138296679224
103,2026-06-03 22:30:00,24.051969695792227,11.068070828235717,3.6073179359455176
103,2026-06-03 22:40:00,23.682729636546018,11.063635097158926,3.6111376497409897
103,2026-06-03 22:50:00,23.56333407978409,11.040369802118894,3.6087159191403337
103,2026-06-03 23:00:00,24.183439501463305,11.01854702515898,3.587362528202316
103,2026-06-03 23:10:00,24.52854290831301,10.964415309700806,3.5957371927494997
103,2026-06-03 23:20:00,24.803265125573954,11.008909142460183,3.602839500780787
103,2026-06-03 23:30:00,24.615969812892608,10.978768415688487,3.6076830947100214
103,2026-06-03 23:40:00,24.771953770635363,10.85522762615838,3.5791988145964253
103,2026-06-03 23:50:00,25.230780146851146,11.102648601225082,3.5983787602452013
